EX-2022-135501704-   -APN-DCYDC#MD;2023-06-12;null;null;Convocatoria a Concurso - 2° llamado Plan de Fortalecimiento de los Recursos Humanos de los Organismos de Ciencia y Tecnología - Servicio de Hidrografía Naval.;Carlos Traverso;1899-12-30;n/d;null
EX-2023-42800633-   -APN-DGD#MC;2023-06-12;null;null;ONMA –S/DESIGNACIÓN POR DECRETO 669/2022 A FAVOR DEL PROF. MÚSICO DAMIAN FORETIC, DEL 26/04/2023 al 05/05/2023, POR LICENCIA ARTÍSTICA DEL PROFESOR MÚSICO ERNESTO NICOLAS ENRICH, EN EL CARGO DE 3ER BANDONEÓN, SUPLENTE DE SOLISTA, ROL 3.;Carlos Traverso;1899-12-30;n/d;null
EX-2023-42255426-   -APN-CG#TFN;2023-06-12;null;null;Solicitud de Excepción para Designación de Personal - BOILLAT;Carlos Traverso;1899-12-30;n/d;null
EX-2023-49158466-   -APN-DARRHH#CNRT;2023-06-12;null;null;Contratación a plazo fijo Aldo Esteban Joaquín VEGA y Ana VILLASENIN;Carlos Traverso;1899-12-30;n/d;null
EX-2023-40023739-   -APN-CG#TFN;2023-06-12;null;null;Solicitud de Excepción para Designación de Personal - CLEMENTE;Carlos Traverso;1899-12-30;n/d;null
EX-2023-50323405-   -APN-DGAYF#MAD;2023-06-12;null;null;Solicitud de contratación por excepción. Res. 53/21 - Proyecto "Inversiones Integradas Bajas en Carbono y Conservación en Ciudades Argentinas - GEF 7 " - Mazzei, Natalia 27-35862329-3;Carlos Traverso;1899-12-30;n/d;null
EX-2023-54925854-   -APN-SA#SEGEMAR;2023-06-09;Convocatoria de Concurso;SEGEMAR;Convocatoria de Concurso;Carlos Traverso;1899-12-30;n/d;null
EX-2023-31631209-   -APN-DGD#MT;2023-06-09;Dto.Nº 426/22;Ministerio de Trabajo;Solicitud de autorización de contratación - Ingresos Agencia Territorial Dolores;Carlos Traverso;1899-12-30;n/d;null
EX-2023-65229976-   -APN-SSGA#MSG;2023-06-08;Proyecto de Resolución;Min. De Seguridad;Actualización salarial;Carlos Traverso;1899-12-30;n/d;null
EX-2023-12239837-   -APN-USG#ORSNA;2023-06-08;Dto.Nº 426/22;ORSNA;Contratación de Servicios Personales ;Carlos Traverso;1899-12-30;n/d;REINGRESA
EX-2023-56455340-   -APN-SA#BNDG;2023-06-06;Dto.Nº 426/22;Bco. Nac. Datos Genéticos;MOBI (Modalidad SOP)- Asesora en el área de RRHH- BNDG;Carlos Traverso;1899-12-30;n/d;null
EX-2023-47021476-   -APN-DGPEYCI#MDS;2023-06-05;Dto.Nº 426/22;Min. Desarrollo Social;Préstamo BID 5295 OC-AR. Contratación de: INFORMÁTICO.;Carlos Traverso;1899-12-30;n/d;null
EX-2023-47019617-   -APN-DGPEYCI#MDS;2023-06-05;Dto.Nº 426/22;Min. Desarrollo Social; Préstamo BID 5295 OC-AR. Contratación de: INFORMÁTICO.;Carlos Traverso;1899-12-30;n/d;null
EX-2023-46905562-   -APN-DGPEYCI#MDS;2023-06-05;Dto.Nº 426/22;Min. Desarrollo Social;Préstamo BID 5295OC-AR. ASESOR EN SEGUIMIENTO;Carlos Traverso;1899-12-30;n/d;null
EX-2023-46902456-   -APN-DGPEYCI#MDS;2023-06-05;Dto.Nº 426/22;Min. Desarrollo Social;Préstamo BID 5295OC-AR. Asistente Administrativo.;Carlos Traverso;1899-12-30;n/d;null
EX-2023-46870869-   -APN-DGPEYCI#MDS;2023-06-05;Dto.Nº 426/22;Min. Desarrollo Social;Préstamo BID 5295OC-AR. Asistente Administrativo;Carlos Traverso;1899-12-30;n/d;null
EX-2023-44891297-   -APN-DGPEYCI#MDS;2023-06-05;Dto.Nº 426/22;Min. Desarrollo Social;Préstamo BID 5295 OC/AR. Informático. IZQUIERDO JOFFRE AGUSTINA NAHIR.;Carlos Traverso;1899-12-30;n/d;null
EX-2023-43001589-   -APN-DGD#MC;2023-06-01;Dto.Nº 426/22;Min. Cultura;null;Carlos Traverso;1899-12-30;n/d;null
EX-2023-34517382-   -APN-DGD#MC;2023-06-01;Dto.Nº 426/22;Min. Cultura;null;Carlos Traverso;1899-12-30;n/d;null
EX-2023-39905572-   -APN-DGD#MC;2023-06-01;Dto.Nº 426/22;Min. Cultura;null;Carlos Traverso;1899-12-30;n/d;null
EX-2023-34514415-   -APN-DGD#MC;2023-06-01;Dto.Nº 426/22;Min. Cultura;null;Carlos Traverso;1899-12-30;n/d;null
EX-2023-34559773-   -APN-DGD#MC;2023-06-01;Dto.Nº 426/22;Min. Cultura;null;Carlos Traverso;1899-12-30;n/d;null
EX-2023-36410061-   -APN-DGD#MC;2023-06-01;Dto.Nº 426/22;Min. Cultura;null;Carlos Traverso;1899-12-30;n/d;null
EX-2023-37555516-   -APN-DGD#MC;2023-06-01;Dto.Nº 426/22;Min. Cultura;null;Carlos Traverso;1899-12-30;n/d;null
EX-2023-40594170-   -APN-DGD#MC;2023-06-01;Dto.Nº 426/22;Min. Cultura;null;Carlos Traverso;1899-12-30;n/d;null
EX-2023-30965314-   -APN-DGD#MC;2023-06-01;Dto.Nº 426/22;Min. Cultura;null;Carlos Traverso;1899-12-30;n/d;null
EX-2023-28371641-   -APN-DGD#MC;2023-06-01;Dto.Nº 426/22;Min. Cultura;null;Carlos Traverso;1899-12-30;n/d;null
EX-2023-26017178-   -APN-DGD#MC;2023-06-01;Dto.Nº 426/22;Min. Cultura;null;Carlos Traverso;1899-12-30;n/d;null
EX-2023-14113795-   -APN-DGD#MC;2023-06-01;Dto.Nº 426/22;Min. Cultura;null;Carlos Traverso;1899-12-30;n/d;null
EX-2023-35135694-   -APN-DGD#MC;2023-06-01;Dto.Nº 426/22;Min. Cultura;null;Carlos Traverso;1899-12-30;n/d;null
EX-2023-21179168-   -APN-DGD#MC;2023-05-31;Dto.Nº 426/22;Min. Cultura;null;Carlos Traverso;1899-12-30;n/d;null
EX-2023-20326146-   -APN-DGD#MC;2023-05-31;Dto.Nº 426/22;Min. Cultura;null;Carlos Traverso;1899-12-30;n/d;null
EX-2023-22824381-   -APN-DGD#MC;2023-05-31;Dto.Nº 426/22;Min. Cultura;null;Carlos Traverso;1899-12-30;n/d;null
EX-2023-14589723-   -APN-DGD#MC;2023-05-31;Dto.Nº 426/22;Min. Cultura;null;Carlos Traverso;1899-12-30;n/d;null
EX-2023-22372782-   -APN-DGD#MC;2023-05-31;Dto.Nº 426/22;Min. Cultura;null;Carlos Traverso;1899-12-30;n/d;null
EX-2023-21191093-   -APN-DGD#MC;2023-05-31;Dto.Nº 426/22;Min. Cultura;null;Carlos Traverso;1899-12-30;n/d;null
EX-2023-22823227-   -APN-DGD#MC;2023-05-31;Dto.Nº 426/22;Min. Cultura;null;Carlos Traverso;1899-12-30;n/d;null
EX-2022-140283330-   -APN-DGD#MC;2023-05-31;Dto.Nº 426/22;Min. Cultura;null;Carlos Traverso;1899-12-30;n/d;null
EX-2023-16374412-   -APN-DGD#MC;2023-05-31;Dto.Nº 426/22;Min. Cultura;null;Carlos Traverso;1899-12-30;n/d;null
EX-2023-14594953-   -APN-DGD#MC;2023-05-31;Dto.Nº 426/22;Min. Cultura;null;Carlos Traverso;1899-12-30;n/d;null
EX-2023-26016310-   -APN-DGD#MC;2023-05-31;Dto.Nº 426/22;Min. Cultura;null;Carlos Traverso;1899-12-30;n/d;null
EX-2023-14639985-   -APN-DGD#MC;2023-05-31;Dto.Nº 426/22;Min. Cultura;null;Carlos Traverso;1899-12-30;n/d;null
EX-2023-47995541-   -APN-DACYGD#AABE;2023-05-30;Dto.Nº 426/22;Bienes del Estado;Contrat. Dto. 1109/17;Carlos Traverso;1899-12-30;n/d;null
EX-2023-51805722-   -APN-DACYGD#AABE;2023-05-30;Dto.Nº 426/22;Bienes del Estado;Contrat. Dto. 1109/17;Carlos Traverso;1899-12-30;n/d;null
EX-2023-28047203-   -APN-SE#MEC;2023-05-29;Dto.Nº 426/22;MECON;Contratación PERMER BIRF 8484-AR;Carlos Traverso;1899-12-30;n/d;null
EX-2023-47017694-   -APN-DGPEYCI#MDS;2023-05-24;Dto.Nº 426/22;Min. Desarrollo Social;Préstamo BID 5295 OC-AR. Contratación de: ASESOR EN SEGUIMIENTO.;Carlos Traverso;1899-12-30;n/d;null
EX-2023-26344786-   -APN-UGA#MDS;2023-05-23;Dto.Nº 426/22;Min. Desarrollo Social;MOBI MINOIAN, Victoria Anahi.;Carlos Traverso;1899-12-30;n/d;null
EX-2023-41908397-   -APN-DARRHH#CNRT;2023-05-23;Dto.Nº 426/22;Reg. Del Transporte;Contratación a plazo fijo agentes GERENCIA DE FISCALIZACIÓN TÉCNICA FERROVIARIA;Carlos Traverso;1899-12-30;n/d;null
EX-2023-55016727-   -APN-SGYEP#JGM;2023-05-22;Proyecto de Decreto;JGM;Proyecto de Decreto Complementario Medidas Salariales;Carlos Traverso;1899-12-30;n/d;null
EX-2021-18703869-   -APN-DACMYSG#ANLIS;2023-05-17;Traslado de agente;ANLIS;Traslado agente DANA SMITH Ramiro. Certificación de vacante ;Carlos Traverso;1899-12-30;n/d;null
EX-2023-34046032-   -APN-DGAYF#MAD;2023-05-16;Dto.Nº 426/22;Min. Ambiente y Desarrollo Sost.;Contrat. 1109/17 - Luna, Silvia Graciela / Chiesa, Iris Maribel.;Carlos Traverso;1899-12-30;n/d;null
EX-2023-47134853-   -APN-DSG#SPF;2023-05-11;Fuerzas Policiales y de Seguridad;Serv. Penit. Federal;Liquidación General de Haberes.;Carlos Traverso;1899-12-30;n/d;null
EX-2022-69583493-   -APN-SIPIYPD#MD;2023-05-11;Proyecto de Decreto;Min. Defensa;Proyecto de Decreto RPIDFA;Carlos Traverso;1899-12-30;n/d;null
EX-2023-38980827-   -APN-DGPEYCI#MDS;2023-06-02;Dto.Nº 426/22;Min. Desarrollo Social;“PROGRAMA DE APOYO A POBLACIONES VULNERABLES A TRAVÉS DEL PLAN ARGENTINA CONTRA EL HAMBRE EN EL MARCO DE LA PANDEMIA DE COVID 19” ;Carlos Traverso;2023-06-08;n/d;Pase a DESPACHO ONP para su trámite.
EX-2023-41115593-   -APN-DRH#DNM;2023-05-24;Dto.Nº 426/22;Dir. Nac. Migraciones;Contrat SINEP;Carlos Traverso;2023-06-05;n/d;Intervención FAVORABLE (1) de la SSP a la continuidad del trámite de excepción en los términos del inc. b) del art. 2° del Decreto N°426/22
EX-2023-35614894-   -APN-DRH#DNM;2023-05-24;Dto.Nº 426/22;Dir. Nac. Migraciones;Contrat SINEP;Carlos Traverso;2023-06-05;n/d;Intervención FAVORABLE (1) de la SSP a la continuidad del trámite de excepción en los términos del inc. b) del art. 2° del Decreto N°426/22
EX-2023-44337849-   -APN-DRH#DNM;2023-05-16;Dto.Nº 426/22;Dir. Nac. Migraciones;Contrat. Ley 25164;Carlos Traverso;2023-06-05;n/d;Intervención FAVORABLE (1) de la SSP a la continuidad del trámite de excepción en los términos del inc. b) del art. 2° del Decreto N°426/22
EX-2023-23485290-   -APN-DGDA#MEC;2023-05-15;Dto.Nº 426/22;MECON;Contrataciones CIAF/AGROXXI BIRF ,CABA 9313 , FINANCIAMIENTO EXTERNO;Carlos Traverso;2023-06-05;n/d;Intervención FAVORABLE (1) de la SSP a la continuidad del trámite de excepción en los términos del inc. b) del art. 2° del Decreto N°426/22
EX-2023-46999008-   -APN-DRH#DNM;2023-05-24;Dto.Nº 426/22;Dir. Nac. Migraciones;Contrat SINEP;Carlos Traverso;2023-06-05;n/d;Intervención FAVORABLE (1) de la SSP a la continuidad del trámite de excepción en los términos del inc. b) del art. 2° del Decreto N°426/22
EX-2023-34934391-   -APN-DAYGP#JGM;2023-04-29;Dto.Nº 426/22;JGM;Contrat 1109/17 Guadalupe Rodríguez;Carlos Traverso;2023-06-01;n/d;Intervención FAVORABLE (1) de la SSP a la continuidad del trámite de excepción en los términos del inc. b) del art. 2° del Decreto N°426/22
EX-2023-30604028-   -APN-TTN#MOP;2023-05-16;Dto.Nº 426/22;Trib. Fiscal de la Nación;Contrat. Dto. 1421/02;Carlos Traverso;2023-06-01;n/d;Intervención FAVORABLE (1) de la SSP a la continuidad del trámite de excepción en los términos del inc. b) del art. 2° del Decreto N°426/22
EX-2023-34375488-   -APN-DACMYSG#ANLIS;2023-05-15;Dto.Nº 426/22;ANLIS;Contratacion TRIPOLONE Mauro Josue;Carlos Traverso;2023-05-31;n/d;RESTITUCIÓN de las actuaciones al organismo/ jurisdicción en razón de no observarse la expresión de las razones que justifiquen criticidad, especificidad técnica, profesional o riesgo operativo a fin de encuadrarse en las excepción del inc. b) del art. 2° del Dto. N°426/22.
EX-2023-38703762-   -APN-SE#MEC;2023-05-29;Dto.Nº 426/22;MECON;Contratación Proyecto PERMER BIRF 8484-AR;Carlos Traverso;2023-05-31;n/d;Se remiten las presentes actuaciones hasta aprobación de la planta de personal correspondiente, en el marco de la Resolución S.H. N°545/98.
EX-2022-122901440-   -APN-CFA#FAA;2023-05-22;Dto.Nº 426/22;Fuerza Aérea Argentina;Contrat. Personal civil;Carlos Traverso;2023-05-29;n/d;RESTITUCIÓN de las actuaciones al organismo/ jurisdicción en razón de no observarse la expresión de las razones que justifiquen criticidad, especificidad técnica, profesional o riesgo operativo a fin de encuadrarse en las excepción del inc. b) del art. 2° del Dto. N°426/22.
EX-2023-40324944-   -APN-AAIP;2023-04-27;Dto.Nº 426/22;Acceso a la Inf. Púb.;Contrat. Dto. 1421/02;Carlos Traverso;2023-05-24;n/d;Intervención FAVORABLE (1) de la SSP a la continuidad del trámite de excepción en los términos del inc. b) del art. 2° del Decreto N°426/22
EX-2023-23433892-   -APN-DGDA#MEC;2023-05-15;Dto.Nº 426/22;MECON;Dto. 1109/17 - Préstamo BIRF 8867-AR;Carlos Traverso;2023-05-24;n/d;Intervención FAVORABLE (1) de la SSP a la continuidad del trámite de excepción en los términos del inc. b) del art. 2° del Decreto N°426/22
EX-2023-39122967-   -APN-DAYGP#JGM;2023-04-26;Dto.Nº 426/22;Jefatura de Gabinete;Dto. 1109/17 Carballeira, Nicolás;Carlos Traverso;2023-05-23;n/d;Intervención FAVORABLE (1) de la SSP a la continuidad del trámite de excepción en los términos del inc. b) del art. 2° del Decreto N°426/22
EX-2023-32374368-   -APN-CG#TFN;2023-05-16;Dto.Nº 426/22;Trib. Fiscal de la Nación;Contrat. SINEP Personal DE LUCA;Carlos Traverso;2023-05-23;n/d;Intervención FAVORABLE (1) de la SSP a la continuidad del trámite de excepción en los términos del inc. b) del art. 2° del Decreto N°426/22
EX-2023-50478557-   -APN-DGD#MC;2023-05-16;Dto.Nº 426/22;Min. Cultura;Contrat. Transitoria, Programa PRACTICA Subsec.Gestión Espacios y Proyectos Especiales;Carlos Traverso;2023-05-22;n/d;Intervención FAVORABLE (1) de la SSP a la continuidad del trámite de excepción en los términos del inc. b) del art. 2° del Decreto N°426/22
EX-2023-12858383-   -APN-DACMYSG#ANLIS;2023-04-19;Dto.Nº 426/22;ANLIS;Contrat 1109/17 MASCIOTRA LAFUENTE Lucas Ariel;Carlos Traverso;2023-05-22;n/d;Intervención FAVORABLE (1) de la SSP a la continuidad del trámite de excepción en los términos del inc. b) del art. 2° del Decreto N°426/22
EX-2023-31631209-   -APN-DGD#MT;2023-05-09;Dto.Nº 426/22;Ministerio de Trabajo;Solicitud de autorización de contratación - Ingresos Agencia Territorial Dolores;Carlos Traverso;2023-05-18;n/d;A requerimiento del Organismo para complementar información de relevancia.
EX-2023-34390654-   -APN-DGPEYCI#MDS;2023-05-04;Dto.Nº 426/22;Min. Desarrollo Social;Prog de Apoyo al Plan Nac. de Primera Infancia y a la Política de Universalización de la Educación Inicial. Contrat. 1109/17;Carlos Traverso;2023-05-16;n/d;Se remiten las presentes actuaciones hasta aprobación de la planta de personal correspondiente, en el marco de la Resolución S.H. N°545/98.
EX-2023-39759622-   -APN-DGPEYCI#MDS;2023-05-12;Dto.Nº 426/22;Min. Desarrollo Social;Contrat. Dto. 1109/17 Kishimoto - Préstamo BID 5585/OC-AR;Carlos Traverso;2023-05-16;n/d;Se remiten las presentes actuaciones hasta aprobación de la planta de personal correspondiente, en el marco de la Resolución S.H. N°545/98.
EX-2023-41132214-   -APN-DGPEYCI#MDS;2023-05-12;Dto.Nº 426/22;Min. Desarrollo Social;Contrat. Spinelli, Debora - Préstamo BID 5585/OC-AR;Carlos Traverso;2023-05-16;n/d;Se remiten las presentes actuaciones hasta aprobación de la planta de personal correspondiente, en el marco de la Resolución S.H. N°545/98.
EX-2023-44803272-   -APN-DGPEYCI#MDS;2023-05-12;Dto.Nº 426/22;Min. Desarrollo Social;Contrat. Dto. 1109/17 Portillo, Doris - Préstamo BID 5585/OC-AR;Carlos Traverso;2023-05-16;n/d;Se remiten las presentes actuaciones hasta aprobación de la planta de personal correspondiente, en el marco de la Resolución S.H. N°545/98.
EX-2023-41021955-   -APN-DGPEYCI#MDS;2023-05-12;Dto.Nº 426/22;Min. Desarrollo Social;Contrat. Dto. 1109/17 Rios, M.de los Angeles - Préstamo BID 5585/OC-AR;Carlos Traverso;2023-05-16;n/d;Se remiten las presentes actuaciones hasta aprobación de la planta de personal correspondiente, en el marco de la Resolución S.H. N°545/98.
EX-2023-29140682-   -APN-INAI#MJ;2023-04-24;Dto.Nº 426/22;Asuntos Indígenas;AUTORIZACION DE CONTRATACION S/DECRETO N°426/22 ART.2 INC.B;Carlos Traverso;2023-05-16;n/d;RESTITUCIÓN de las actuaciones al organismo/ jurisdicción en razón de no observarse la expresión de las razones que justifiquen criticidad, especificidad técnica, profesional o riesgo operativo a fin de encuadrarse en las excepción del inc. b) del art. 2° del Dto. N°426/22.
EX-2023-48196402-   -APN-DD#INV;2023-05-15;Dto.Nº 426/22;Inst. Nac. Vitivinicultura;7.Contratación Decreto 1109/17 . Asesor nivel II -part time (Coordinador Mendoza Zona Norte -RESOL-2023-7-APN-INV#MEC);Carlos Traverso;2023-05-15;n/d;Se remiten las presentes actuaciones hasta aprobación de la planta de personal correspondiente en el marco de la Resolución S.H. N°545/98.
EX-2023-48194514-   -APN-DD#INV;2023-05-15;Dto.Nº 426/22;Inst. Nac. Vitivinicultura;Contratación Decreto 1109/17 . Asesor nivel II (Consultor Administrativo Financiero -RESOL-2023-7-APN-INV#MEC);Carlos Traverso;2023-05-15;n/d;Se remiten las presentes actuaciones hasta aprobación de la planta de personal correspondiente en el marco de la Resolución S.H. N°545/98.
EX-2023-48198646-   -APN-DD#INV;2023-05-15;Dto.Nº 426/22;Inst. Nac. Vitivinicultura;Contratación Decreto 1109/17 . Asesor nivel II (Coordinador Mendoza Este-RESOL-2023-7-APN-INV#MEC);Carlos Traverso;2023-05-15;n/d;Se remiten las presentes actuaciones hasta aprobación de la planta de personal correspondiente en el marco de la Resolución S.H. N°545/98.
EX-2023-48195463-   -APN-DD#INV;2023-05-15;Dto.Nº 426/22;Inst. Nac. Vitivinicultura;Contratación Decreto 1109/17 . Asesor nivel II -part time(Analista en planificación, monitoreo y evaluación -RESOL-2023-7-APN-INV#MEC);Carlos Traverso;2023-05-15;n/d;Se remiten las presentes actuaciones hasta aprobación de la planta de personal correspondiente en el marco de la Resolución S.H. N°545/98.
EX-2023-48227894-   -APN-DD#INV;2023-05-15;Dto.Nº 426/22;Inst. Nac. Vitivinicultura;Contratación Decreto 1109/17 . Asesor nivel II (Coordinador Componente III -RESOL-2023-7-APN-INV#MEC);Carlos Traverso;2023-05-15;n/d;Se remiten las presentes actuaciones hasta aprobación de la planta de personal correspondiente en el marco de la Resolución S.H. N°545/98.
EX-2023-48230161-   -APN-DD#INV;2023-05-15;Dto.Nº 426/22;Inst. Nac. Vitivinicultura;Contratación Decreto 1109/17 . Asesor nivel II – part time (Coordinador Técnico-RESOL-2023-7-APN-INV#MEC);Carlos Traverso;2023-05-15;n/d;Se remiten las presentes actuaciones hasta aprobación de la planta de personal correspondiente en el marco de la Resolución S.H. N°545/98.
EX-2023-48226588-   -APN-DD#INV;2023-05-15;Dto.Nº 426/22;Inst. Nac. Vitivinicultura;12.Contratación Decreto 1109/17 . Asesor nivel II (Coordinador Zona Centro -RESOL-2023-7-APN-INV#MEC);Carlos Traverso;2023-05-15;n/d;Se remiten las presentes actuaciones hasta aprobación de la planta de personal correspondiente en el marco de la Resolución S.H. N°545/98.
EX-2023-48229395-   -APN-DD#INV;2023-05-15;Dto.Nº 426/22;Inst. Nac. Vitivinicultura;Contratación Decreto 1109/17 . Asesor nivel II (Analista Social -RESOL-2023-7-APN-INV#MEC);Carlos Traverso;2023-05-15;n/d;Se remiten las presentes actuaciones hasta aprobación de la planta de personal correspondiente en el marco de la Resolución S.H. N°545/98.
EX-2023-48225898-   -APN-DD#INV;2023-05-15;Dto.Nº 426/22;Inst. Nac. Vitivinicultura;Contratación Decreto 1109/17 . Asesor nivel II (Coordinador La Rioja, Catamarca, Salta, Tucumán y Jujuy -RESOL-2023-7-APN-INV#MEC);Carlos Traverso;2023-05-15;n/d;Se remiten las presentes actuaciones hasta aprobación de la planta de personal correspondiente en el marco de la Resolución S.H. N°545/98.
EX-2023-48197126-   -APN-DD#INV;2023-05-15;Dto.Nº 426/22;Inst. Nac. Vitivinicultura;8. Contratación Decreto 1109/17 . Asesor nivel II (Coordinador San Juan -RESOL-2023-7-APN-INV#MEC);Carlos Traverso;2023-05-15;n/d;Se remiten las presentes actuaciones hasta aprobación de la planta de personal correspondiente en el marco de la Resolución S.H. N°545/98.
EX-2023-48228489-   -APN-DD#INV;2023-05-15;Dto.Nº 426/22;Inst. Nac. Vitivinicultura;Contratación Decreto 1109/17 . Asesor nivel II (Analista en Gestión Ambiental -RESOL-2023-7-APN-INV#MEC);Carlos Traverso;2023-05-15;n/d;Se remiten las presentes actuaciones hasta aprobación de la planta de personal correspondiente en el marco de la Resolución S.H. N°545/98.
EX-2023-48193565-   -APN-DD#INV;2023-05-15;Dto.Nº 426/22;Inst. Nac. Vitivinicultura;4.Contratación Decreto 1109/17 . Asesor nivel II (Consultor Adquisiciones -RESOL-2023-7-APN-INV#MEC);Carlos Traverso;2023-05-15;n/d;Se remiten las presentes actuaciones hasta aprobación de la planta de personal correspondiente en el marco de la Resolución S.H. N°545/98.
EX-2023-48197748-   -APN-DD#INV;2023-05-15;Dto.Nº 426/22;Inst. Nac. Vitivinicultura;Contratación Decreto 1109/17 . Asesor nivel II (Coordinador Mendoza Zona Sur y Valle de Uco -RESOL-2023-7-APN-INV#MEC);Carlos Traverso;2023-05-15;n/d;Se remiten las presentes actuaciones hasta aprobación de la planta de personal correspondiente en el marco de la Resolución S.H. N°545/98.
EX-2023-48190408-   -APN-DD#INV;2023-05-15;Dto.Nº 426/22;Inst. Nac. Vitivinicultura;1.Contratación Decreto 1109/17 . Asesor nivel II (Analista de Elegibilidad -RESOL-2023-7-APN-INV#MEC);Carlos Traverso;2023-05-15;n/d;Se remiten las presentes actuaciones hasta aprobación de la planta de personal correspondiente en el marco de la Resolución S.H. N°545/98.
EX-2023-48227251-   -APN-DD#INV;2023-05-15;Dto.Nº 426/22;Inst. Nac. Vitivinicultura;Contratación Decreto 1109/17 . Asesor nivel II (Coordinador Zona Patagonia -RESOL-2023-7-APN-INV#MEC);Carlos Traverso;2023-05-15;n/d;Se remiten las presentes actuaciones hasta aprobación de la planta de personal correspondiente en el marco de la Resolución S.H. N°545/98.
EX-2023-48191984-   -APN-DD#INV;2023-05-15;Dto.Nº 426/22;Inst. Nac. Vitivinicultura;Contratación Decreto 1109/17 . Consultor nivel I (Especialista en Implementación de Programas -RESOL-2023-7-APN-INV#MEC);Carlos Traverso;2023-05-15;n/d;Se remiten las presentes actuaciones hasta aprobación de la planta de personal correspondiente en el marco de la Resolución S.H. N°545/98.
EX-2023-48192887-   -APN-DD#INV;2023-05-15;Dto.Nº 426/22;Inst. Nac. Vitivinicultura;Contratación Decreto 1109/17 . . Asesor nivel II (Consultor en Sistema Contabilidad -RESOL-2023-7-APN-INV#MEC);Carlos Traverso;2023-05-15;n/d;Se remiten las presentes actuaciones hasta aprobación de la planta de personal correspondiente en el marco de la Resolución S.H. N°545/98.
EX-2023-52551912-   -APN-DSG#SPF;2023-05-11;Fuerzas Policiales y de Seguridad;Serv. Penit. Federal;LIQUIDACION GENERAL DE HABERES;Carlos Traverso;2023-05-12;n/d;null
EX-2023-10740408-   -APN-INA#MOP;2023-05-03;Traslado de agente;INA;Certificación presupuestaria;Carlos Traverso;2023-05-12;n/d;null
EX-2023-51617409-   -APN-CPSFPYS#MSG;2023-05-11;Proyecto de Resolución;Min. Seguridad;PROYECTO DE RESOLUCIÓN;Carlos Traverso;2023-05-12;n/d;null
EX-2023-23317847-   -APN-DGDYD#MJ;2023-04-24;Dto.Nº 426/22;Min. justicia; Contratación de Personal en la DIRECCIÓN NACIONAL DE POLÍTICAS TRANSVERSALES DE GÉNERO de la UNIDAD GABINETE DE ASESORES.;Carlos Traverso;2023-05-11;n/d;RESTITUCIÓN de las actuaciones al organismo/ jurisdicción en razón de no observarse la expresión de las razones que justifiquen criticidad, especificidad técnica, profesional o riesgo operativo a fin de encuadrarse en las excepción del inc. b) del art. 2° del Dto. N°426/22.
EX-2022-116395163-   -APN-DGD#MAGYP;2023-04-21;Dto.Nº 426/22;Sec. Agric. Ganadería y Pesca;DESIGNACION DE PERSONAL - BIRF 9313 - CIAF/AGROXXI;Carlos Traverso;2023-05-10;n/d;Intervención FAVORABLE (1) de la SSP a la continuidad del trámite de excepción en los términos del inc. b) del art. 2° del Decreto N°426/22
EX-2023-49786070-   -APN-UGA#MD;2023-05-09;-;Ministerio de Defensa;Proyecto de Resolución Conjunta.  HABERES PERSONAL MILITAR 2023;Carlos Traverso;2023-05-10;n/d;
EX-2022-129948678-   -APN-DGD#MAGYP;2023-04-21;Dto.Nº 426/22;Sec. Agric. Ganadería y Pesca;Prog. Gestión Integral de Riesgos en el Sistema. Agroindustrial Rural GIRSAR;Carlos Traverso;2023-05-09;n/d;Intervención FAVORABLE (1) de la SSP a la continuidad del trámite de excepción en los términos del inc. b) del art. 2° del Decreto N°426/22
EX-2023-31744153-   -APN-DAF#INT;2023-05-02;Dto.Nº 426/22;Inst. Nac. Del Teatro;MOBI;Carlos Traverso;2023-05-08;n/d;Intervención FAVORABLE en razón de tratarse de un MOBI (movilidad de agentes que ya mantienen un vínculo con la APN, por lo que no representan un alta de personal).
EX-2023-31744315-   -APN-DAF#INT;2023-05-02;Dto.Nº 426/22;Inst. Nac. Del Teatro;MOBI;Carlos Traverso;2023-05-05;n/d;Intervención FAVORABLE en razón de tratarse de un MOBI (movilidad de agentes que ya mantienen un vínculo con la APN, por lo que no representan un alta de personal).
EX-2023-30254368-   -APN-DGDYD#MJ;2023-04-19;Dto.Nº 426/22;Min. Justicia;Contrataciones art. 9° en la DIR. NAC. PROM. Y FORT. PARA EL ACCESO A LA JUSTICIA.;Carlos Traverso;2023-05-03;n/d;Intervención FAVORABLE (1) de la SSP a la continuidad del trámite de excepción en los términos del inc. b) del art. 2° del Decreto N°426/22
EX-2023-28542653-   -APN-DRH#DNM;2023-04-26;Dto.Nº 426/22;Dir. Nac. Migraciones;Contratación 46 agentes;Carlos Traverso;2023-05-03;n/d;Intervención FAVORABLE (1) de la SSP a la continuidad del trámite de excepción en los términos del inc. b) del art. 2° del Decreto N°426/22
EX-2023-24867646-   -APN-CG#TFN;2023-04-19;Dto.Nº 426/22;Trib. Fiscal;Contrat 1109/17 GONZÁLEZ WARCALDE, Florencia;Carlos Traverso;2023-04-28;n/d;Intervención FAVORABLE (1) de la SSP a la continuidad del trámite de excepción en los términos del inc. b) del art. 2° del Decreto N°426/22
EX-2023-24864984-   -APN-CG#TFN;2023-04-19;Dto.Nº 426/22;Trib. Fiscal;Contrat 1109/17 FRONTERA, Juan Carlos;Carlos Traverso;2023-04-28;n/d;Intervención FAVORABLE (1) de la SSP a la continuidad del trámite de excepción en los términos del inc. b) del art. 2° del Decreto N°426/22
EX-2023-24868914-   -APN-CG#TFN;2023-04-19;Dto.Nº 426/22;Trib. Fiscal;Contrat 1109/17 FERRÍN, Guillermo Gustavo;Carlos Traverso;2023-04-28;n/d;Intervención FAVORABLE (1) de la SSP a la continuidad del trámite de excepción en los términos del inc. b) del art. 2° del Decreto N°426/22
EX-2023-26072206-   -APN-CG#TFN;2023-04-19;Dto.Nº 426/22;Trib. Fiscal;Contrat 1109/17 SANTANGELO, Lisandro Nicolás;Carlos Traverso;2023-04-28;n/d;Intervención FAVORABLE (1) de la SSP a la continuidad del trámite de excepción en los términos del inc. b) del art. 2° del Decreto N°426/22
EX-2023-29827270-   -APN-DAYGP#JGM;2023-04-10;Dto.Nº 426/22;JGM;Solicitud de Excepción para Designación de Personal - BOGADO, Pedro Gabriel y otros;Carlos Traverso;2023-04-28;n/d;Intervención FAVORABLE (1) de la SSP a la continuidad del trámite de excepción en los términos del inc. b) del art. 2° del Decreto N°426/22
EX-2023-23616107-   -APN-CGD#SGP;2023-04-18;Dto.Nº 426/22;Sec. Gral Presidencia Nac.;Solicitud de Excepción para Designación de Personal - Pilotos;Carlos Traverso;2023-04-27;n/d;Intervención FAVORABLE (1) de la SSP a la continuidad del trámite de excepción en los términos del inc. b) del art. 2° del Decreto N°426/22
EX-2023-22880435-   -APN-DGA#APNAC;2023-04-19;Descongelamiento de vacantes;Parque Nacionales; MINISTERIO DE AMBIENTE Y DESARROLLO SOSTENIBLE Y ADMINISTRACION DE PARQUES NACIONALES;Carlos Traverso;2023-04-26;n/d;null
EX-2023-42218386- -APN-DGDA#MEC;2023-04-26;Dto.Nº 426/22;MECON;Decreto N° 1109/17, “Programa de Apoyo a la Gestión Integrada del Gasto Público” (PROFIP) ;Carlos Traverso;2023-04-26;n/d;Intervención FAVORABLE (1) de la SSP a la continuidad del trámite de excepción en los términos del inc. b) del art. 2° del Decreto N°426/22
EX-2023-4618995-   -APN-DNPYFAJ#MJ;2023-04-24;Dto.Nº 426/22;Min. Justicia;SOP-DNPYFAJ#MJ- Sofía DELGADO;Carlos Traverso;2023-04-25;n/d;se remiten para la continuidad del trámite a Min. Just.
EX-2023-23089849-   -APN-DGCA#BNMM;2023-04-24;Dto.Nº 426/22;Biblioteca Mariano Moreno;RUSSO Axel DNI 92.862.015, contratación bajo la modalidad Locación de Obra y Servicios;Carlos Traverso;2023-04-25;n/d;Para intervención de Llauró.
EX-2023-31677954-   -APN-DRH#DNM;2023-04-12;Dto.Nº 426/22;Dir. Nac. Migraciones;CERABONA, Manuel Esteban y OTROS ;Carlos Traverso;2023-04-20;n/d;Intervención FAVORABLE (1) de la SSP a la continuidad del trámite de excepción en los términos del inc. b) del art. 2° del Decreto N°426/22
EX-2023-27084931-   -APN-TTN#MOP;2023-04-18;Dto.Nº 426/22;Tribunal de Tasaciones;MOBI KLENIDJIAN SEBASTIÁN DAVID;Carlos Traverso;2023-04-19;n/d;Intervención FAVORABLE en razón de tratarse de un MOBI (movilidad de agentes que ya mantienen un vínculo con la APN, por lo que no representan un alta de personal).
EX-2022-131053427-   -APN-GRH#CONICET;2023-04-11;Dto.Nº 426/22;CONICET;MOBI CONICET;Carlos Traverso;2023-04-19;n/d;Intervención FAVORABLE en razón de tratarse de un MOBI (movilidad de agentes que ya mantienen un vínculo con la APN, por lo que no representan un alta de personal).
EX-2023-29049891-   -APN-CG#TFN;2023-04-18;Dto.Nº 426/22;Tribunal Fiscal;MOBI Emiliano Damián KACZKA;Carlos Traverso;2023-04-19;n/d;Intervención FAVORABLE en razón de tratarse de un MOBI (movilidad de agentes que ya mantienen un vínculo con la APN, por lo que no representan un alta de personal).
EX-2023-17997424-   -APN-DRH#DNM;2023-04-13;Dto.Nº 426/22;Dir. Nac. Migraciones;MOBI GARCES CRISTIAN;Carlos Traverso;2023-04-14;n/d;Intervención FAVORABLE en razón de tratarse de un MOBI (movilidad de agentes que ya mantienen un vínculo con la APN, por lo que no representan un alta de personal).
EX-2023-17998202-   -APN-DRH#DNM;2023-04-13;Dto.Nº 426/22;Dir. Nac. Migraciones;MOBI DALVA NAHIR AGUILAR;Carlos Traverso;2023-04-14;n/d;Intervención FAVORABLE en razón de tratarse de un MOBI (movilidad de agentes que ya mantienen un vínculo con la APN, por lo que no representan un alta de personal).
EX-2023-17908007-   -APN-DRH#DNM;2023-04-13;Dto.Nº 426/22;Dir. Nac. Migraciones;MOBI Olga Liliana Lopez;Carlos Traverso;2023-04-14;n/d;Intervención FAVORABLE en razón de tratarse de un MOBI (movilidad de agentes que ya mantienen un vínculo con la APN, por lo que no representan un alta de personal).
EX-2023-17857746-   -APN-DRH#DNM;2023-04-11;Dto.Nº 426/22;Dir. Nac. Migraciones;MOBI agente GONZALEZ ARACELI;Carlos Traverso;2023-04-14;n/d;Intervención FAVORABLE en razón de tratarse de un MOBI (movilidad de agentes que ya mantienen un vínculo con la APN, por lo que no representan un alta de personal).
EX-2023-37035422-   -APN-SGYEP#JGM;1899-12-30;URS Contratos;JGM;Proyecto Dec. Adm contratos 1109/17;Carlos Traverso;2023-04-13;n/d;null
EX-2022-134591439-   -APN-SGYEP#JGM;1899-12-30;Nomenclador Func. Especif.;JGM;SIGEN;Carlos Traverso;2023-04-12;n/d;null
EX-2023-24617990-   -APN-DRH#DNM;2023-03-31;Dto.Nº 426/22;Dir. Nac. Migraciones;CHOQUE MARIANA AYELEN Y OTROS S/SOLICITUD DE EXCEPCION DTO 426/22- INC B);Carlos Traverso;2023-04-05;n/d;Intervención FAVORABLE (1) de la SSP a la continuidad del trámite de excepción en los términos del inc. b) del art. 2° del Decreto N°426/22
EX-2022-121966286-   -APN-INIDEP#MEC;2023-03-30;Dto.Nº 426/22;INIDEP;Solicitud de excepción para designación de Personal: SALICE, MARCELO JAVIER.;Carlos Traverso;2023-04-04;n/d;Se restituyen a pedido del INIDEP (a usuario GAFLORES)
EX-2023-28112234-   -APN-DAYGP#JGM;2023-03-29;Dto.Nº 426/22;JGM;Sebastián CARO;Carlos Traverso;2023-03-31;n/d;Intervención FAVORABLE (1) de la SSP a la continuidad del trámite de excepción en los términos del inc. b) del art. 2° del Decreto N°426/22
EX-2023-23064145-   -APN-DAYGP#JGM;2023-03-29;Dto.Nº 426/22;JGM;Marcos ROMERO Dto. 1109;Carlos Traverso;2023-03-31;n/d;Intervención FAVORABLE (1) de la SSP a la continuidad del trámite de excepción en los términos del inc. b) del art. 2° del Decreto N°426/22
EX-2023-27829722-   -APN-TTN#MOP;2023-03-30;Dto.Nº 426/22;Tribunal de Tasaciones;ASISTENTE DE SOPORTE ADMINISTRATIVO - RRHH - MOBI - 2023.;Carlos Traverso;2023-03-30;n/d;Intervención FAVORABLE (1) de la SSP a la continuidad del trámite de excepción en los términos del inc. b) del art. 2° del Decreto N°426/22
EX-2023-4618995-   -APN-DNPYFAJ#MJ;2023-03-29;Dto.Nº 426/22;MIN. JUSTICIA;SOP-DNPYFAJ#MJ- Sofía DELGADO;Carlos Traverso;2023-03-29;n/d;Intervención FAVORABLE (1) de la SSP a la continuidad del trámite de excepción en los términos del inc. b) del art. 2° del Decreto N°426/22
EX-2023-19635837-   -APN-DARRHH#CNRT;2023-03-23;Dto.Nº 426/22;CNRT;Contratación a plazo fijo varios agentes;Carlos Traverso;2023-03-28;n/d;Intervención FAVORABLE (1) de la SSP a la continuidad del trámite de excepción en los términos del inc. b) del art. 2° del Decreto N°426/22
EX-2022-114594746-   -APN-SE#MEC;2023-02-24;Dto.Nº 426/22;MECON;Consultores individuales de PERMER-BIRF8484-AR.;Carlos Traverso;2023-03-23;n/d;Intervención FAVORABLE (1) de la SSP a la continuidad del trámite de excepción en los términos del inc. b) del art. 2° del Decreto N°426/22
EX-2022-128881229-   -APN-DAYF#EDUCAR;2023-01-24;Dto.Nº 426/22;EDUCAR. S.E.;Prestación de servicios.;Carlos Traverso;2023-03-23;n/d;Se devuelve  por el articulo 3º del Dto. 426/22
EX-2022-134940426-   -APN-SE#MEC;2023-02-03;Dto.Nº 426/22;Sec. Energía - MEC;Consultor Individual- Traductor de idioma Guaraní para actividades de capacitación del Proyecto BIRF 8484-AR;Carlos Traverso;2023-03-23;n/d;Intervención FAVORABLE (1) de la SSP a la continuidad del trámite de excepción en los términos del inc. b) del art. 2° del Decreto N°426/22
EX-2022-129397499-   -APN-SGYEP#JGM;2023-03-14;Proyecto de Resolución;JGM;MODIFICACIÓN DE RESOLUCIÓN CONJUNTA.;Carlos Traverso;2023-03-22;n/d;null
EX-2022-134376760-   -APN-YCRT#MEC;2023-02-06;Dto.Nº 426/22;MECON;Articulo 2, inciso b, Dec.426/2022;Carlos Traverso;2023-03-22;n/d;Intervención FAVORABLE (1) de la SSP a la continuidad del trámite de excepción en los términos del inc. b) del art. 2° del Decreto N°426/22
EX-2023-13580453-   -APN-DRRHH#AND;2023-03-16;Dto.Nº 426/22;Agencia Nac. Discapacidad;Contrat. Dto. 1109/17 y 1421/02;Carlos Traverso;2023-03-21;n/d;Intervención FAVORABLE (1) de la SSP a la continuidad del trámite de excepción en los términos del inc. b) del art. 2° del Decreto N°426/22
;1899-12-30;;;;Carlos Traverso;2023-03-21;n/d;Intervención DESFAVORABLE, no surge de las actuaciones las causales que habiliten la consideración del caso en la excepción del inc. b) Art. 2º del Dto. 426/22
EX-2023-20046948-   -APN-DAYGP#JGM;2023-03-08;Dto.Nº 426/22;JGM;Solicitud de Excepción para Designación de Personal - LADAGA, Lucas y otros;Carlos Traverso;2023-03-21;n/d;Intervención FAVORABLE (1) de la SSP a la continuidad del trámite de excepción en los términos del inc. b) del art. 2° del Decreto N°426/22
EX-2022-104404530-   -APN-DGCA#BNMM;2023-02-10;Dto.Nº 426/22;BIBLIOTECA NAC. MARIANO MORENO;ANELLO BASTAN Jacqueline DNI 35.994.304, contratada bajo la modalidad locación de obra;Carlos Traverso;2023-03-21;n/d;FAVORABLE. Se remiten mediante PASE a la SGYEP de la JGM para su intervención
EX-2023-10778436-   -APN-DGDYD#MJ;2023-03-10;Dto.Nº 426/22;MIN. JUSTICIA;Contratación para el PROGRAMA DE PATROCINIO JURÍDICO Y ACOMPAÑAMIENTO INTERDISCIPLINARIO PARA NIÑAS, NIÑOS Y ADOLESCENTES VÍCTIMAS DE ABUSO SEXUAL (PatrocinAR) de la DNAV#MJ.-;Carlos Traverso;2023-03-21;n/d;Intervención FAVORABLE (1) de la SSP a la continuidad del trámite de excepción en los términos del inc. b) del art. 2° del Decreto N°426/22
EX-2022-125464337-   -APN-DGAYF#MAD;2023-03-01;Dto.Nº 426/22;MIN. AMBIENTE Y DESARROLLO SOSTENIBLE;Contrat Haure, Lara;Carlos Traverso;2023-03-17;n/d;Oportunamente intervención FAVORABLE.  Volvieron y se hizo mención a la conformidad del Sr. Subsec. Presup. en la primera intervención
EX-2022-103556211-   -APN-DGAYF#MAD;2023-03-01;Dto.Nº 426/22;MIN. AMBIENTE Y DESARROLLO SOSTENIBLE;Contrat Robledo, Gonzalo;Carlos Traverso;2023-03-17;n/d;Oportunamente intervención FAVORABLE.  Volvieron y se hizo mención a la conformidad del Sr. Subsec. Presup. en la primera intervención
EX-2023-18510133-   -APN-CG#TFN;2023-03-14;Dto.Nº 426/22;Tribunal Fiscal de la Nación;Contrat LaureanoTROMBERT;Carlos Traverso;2023-03-17;n/d;Intervención DESFAVORABLE, no surge de las actuaciones las causales que habiliten la consideración del caso en la excepción del inc. b) Art. 2º del Dto. 426/22
EX-2023-6620423-   -APN-DGDA#MEC;2023-02-13;Dto.Nº 426/22;MECON;Contratación Consultores individualesDTO-426-2022-PERMER: necesidad de contratación para cobertura de posiciones -;Carlos Traverso;2023-03-17;n/d;Intervención FAVORABLE (1) de la SSP a la continuidad del trámite de excepción en los términos del inc. b) del art. 2° del Decreto N°426/22
EX-2022-14711113-   -APN-DGD#MC;2023-02-08;;MIN. CULTURA;Traslado de la agente MAYRA DECASTELLI DNI N° 33.116.359. CERTIF CARGO VACANTE;Carlos Traverso;2023-03-17;n/d;Se certifica el cargo vacante.
EX-2023-20311439-   -APN-DARRHH#CNRT;2023-03-09;Dto.Nº 426/22;CNRT;CONTRATACION AGENTES COSECHA SEGURA 2023;Carlos Traverso;2023-03-17;n/d;Intervención FAVORABLE (1) de la SSP a la continuidad del trámite de excepción en los términos del inc. b) del art. 2° del Decreto N°426/22
EX-2022-122080550-   -APN-DGPYB#FAA;2023-01-26;Dto.Nº 426/22;Fuerza Aérea Argentina;Personal civil para temporada 2022-2023;Carlos Traverso;2023-03-16;n/d;Restituido a la Secretaría de Gestión De Empleo Público de la JGM
EX-2023-12239837-   -APN-USG#ORSNA;2023-03-13;Dto.Nº 426/22;ORSNA;Contratación Wanda DEARTE;Carlos Traverso;2023-03-15;n/d;Se restituyen hasta la modificación presupuestaria
EX-2022-130063359-   -APN-DACMYSG#ANLIS;2023-01-20;Dto.Nº 426/22;ANLIS;MARCHINI Tomás - Art. 9 Dto. 1421/02;Carlos Traverso;2023-03-15;n/d;Intervención FAVORABLE (1) de la SSP a la continuidad del trámite de excepción en los términos del inc. b) del art. 2° del Decreto N°426/22
EX-2021-10892513-   -APN-DRRHHYGCIP#JGM;2023-03-03;Traslado de agente;JEFATURA GAB MINISTROS;Traslado de agente - FONTANA Diego Pablo (Cuil: 20-23473863-2);Carlos Traverso;2023-03-15;n/d;Intervención FAVORABLE (1) de la SSP a la continuidad del trámite de excepción en los términos del inc. b) del art. 2° del Decreto N°426/22
EX-2022-140229622-   -APN-DA#INC;2023-03-15;Dto.Nº 426/22;INST. NAC. DEL CANCER;MOBI;Carlos Traverso;2023-03-15;n/d;Intervención FAVORABLE en razón de tratarse de un MOBI (movilidad de agentes que ya mantienen un vínculo con la APN, por lo que no representan un alta de personal).
EX-2022-113173894-   -APN-DGA#EMCO;2023-03-06;Dto.Nº 426/22;EMCO;Contratación Personal Civil para los Nuevos Centros de Salud;Carlos Traverso;2023-03-14;n/d;Intervención FAVORABLE (1) de la SSP a la continuidad del trámite de excepción en los términos del inc. b) del art. 2° del Decreto N°426/22
EX-2022-138613052-   -APN-DAYGP#JGM;2023-03-13;Dto.Nº 426/22;JGM;UEET "El Estado en tu Barrio"- Galeano, Laionel Luis Alberto;Carlos Traverso;2023-03-14;n/d;Certificación de cantidad cargos vacantes según lo establecido en la Decisión Administrativa distributiva de presupuesto.
EX-2023-13508271-   -APN-DNV#MOP;2023-03-07;Incremento de Cargos;Dir. Nac. Vialidad;SOLICITUD CREACION DE CARGOS PLANTA PERMANENTE;Carlos Traverso;2023-03-14;n/d;Intervención FAVORABLE (1) de la SSP a la continuidad del trámite de excepción en los términos del inc. b) del art. 2° del Decreto N°426/22
EX-2023-18643986-   -APN-DAYGP#JGM;2023-03-08;Dto.Nº 426/22;JGM;Solicitud de Excepción para Designación de Personal - VALDEZ, Nahuel Damián;Carlos Traverso;2023-03-13;n/d;Intervención FAVORABLE (1) de la SSP a la continuidad del trámite de excepción en los términos del inc. b) del art. 2° del Decreto N°426/22
EX-2022-112818511-   -APN-DACMYSG#ANLIS;2023-01-27;Dto.Nº 426/22;ANLIS - Inst.Nac.Enfermedades Infecciosas;INEI - ETCHEVERRY Paula - Art. 9 Dto. 1421/02 - Inc. B Art. 2 Dto. 426/22;Carlos Traverso;2023-03-13;n/d;Intervención FAVORABLE (1) de la SSP a la continuidad del trámite de excepción en los términos del inc. b) del art. 2° del Decreto N°426/22
EX-2023-9539261-   -APN-CGD#SGP;2023-02-28;Dto.Nº 426/22;Presidencia de la Nación;Solicitud de Excepción Designación de Personal;Carlos Traverso;2023-03-10;n/d;Intervención FAVORABLE (1) de la SSP a la continuidad del trámite de excepción en los términos del inc. b) del art. 2° del Decreto N°426/22
EX-2023-9438543-   -APN-CGD#SGP;2023-02-28;Dto.Nº 426/22;Presidencia de la Nación;Solicitud de Excepción Designación de Personal;Carlos Traverso;2023-03-10;n/d;Intervención FAVORABLE (1) de la SSP a la continuidad del trámite de excepción en los términos del inc. b) del art. 2° del Decreto N°426/22
EX-2022-135661692-   -APN-GACYGI#CNEA;2023-02-28;Dto.Nº 426/22;CNEA;Propuesta de modificación presupuestaria - Carem 2023;Carlos Traverso;2023-03-06;n/d;Intervención FAVORABLE (1) de la SSP a la continuidad del trámite de excepción en los términos del inc. b) del art. 2° del Decreto N°426/22
EX-2023-10367392-   -APN-SGA#MDS;2023-03-02;Dto.Nº 426/22;MIN. DESARROLLO SOCIAL;MOBI - TORREZ GOMEZ, Gaston.;Carlos Traverso;2023-03-03;n/d;Intervención FAVORABLE en razón de tratarse de un MOBI (movilidad de agentes que ya mantienen un vínculo con la APN, por lo que no representan un alta de personal).
EX-2022-135068440-   -APN-UGA#MDS;2023-02-27;Dto.Nº 426/22;MIN. DESARROLLO SOCIAL;MOBI CISNEROS, Raul Raul.;Carlos Traverso;2023-03-03;n/d;Intervención FAVORABLE en razón de tratarse de un MOBI (movilidad de agentes que ya mantienen un vínculo con la APN, por lo que no representan un alta de personal).
EX-2023-8702703-   -APN-UGA#MDS;2023-02-27;Dto.Nº 426/22;MIN. DESARROLLO SOCIAL;MOBI CORONEL NERINA LORENA VERONICA.;Carlos Traverso;2023-03-03;n/d;Intervención FAVORABLE en razón de tratarse de un MOBI (movilidad de agentes que ya mantienen un vínculo con la APN, por lo que no representan un alta de personal).
EX-2023-13508271-   -APN-DNV#MOP;2023-02-15;Proyecto Dec. Administrativa;Dir. Nac. Vialidad;SOLICITUD CREACION DE CARGOS PLANTA PERMANENTE;Carlos Traverso;2023-03-02;n/d;null
EX-2022-131773069-   -APN-DGARRHH#JGM;2023-01-27;Dto.Nº 426/22;JGM -Unid.Ejec.Esp. Temporaria;Solicitud de Excepción Contratación Dto. 1109/17 - RODRIGUEZ SARMIENTO, Brigitte;Carlos Traverso;2023-03-02;n/d;Certificación de cantidad cargos vacantes según lo establecido en la Decisión Administrativa distributiva de presupuesto.
EX-2022-135613627-   -APN-DAYGP#JGM;2023-01-27;Dto.Nº 426/22;JGM -Unid.Ejec.Esp. Temporaria;Solicitud de Excepción Contratación Dto. 1109/17 - SANTILLAN, Carlos;Carlos Traverso;2023-03-01;n/d;Certificación de cantidad cargos vacantes según lo establecido en la Decisión Administrativa distributiva de presupuesto.
EX-2022-135612338-   -APN-DAYGP#JGM;2023-01-27;Dto.Nº 426/22;JGM -Unid.Ejec.Esp. Temporaria;Solicitud de Excepción Contratación Dto. 1109/17- MORA DELLEPIANE, Diego Martín;Carlos Traverso;2023-03-01;n/d;Certificación de cantidad cargos vacantes según lo establecido en la Decisión Administrativa distributiva de presupuesto.
EX-2022-135611513-   -APN-DAYGP#JGM;2023-01-27;Dto.Nº 426/22;JGM -Unid.Ejec.Esp. Temporaria;Solicitud de Excepción Contratación Dto. 1109/17 - DUARTE, Micaela;Carlos Traverso;2023-03-01;n/d;Certificación de cantidad cargos vacantes según lo establecido en la Decisión Administrativa distributiva de presupuesto.
EX-2022-138611607-   -APN-DAYGP#JGM;2023-01-27;Dto.Nº 426/22;JGM -Unid.Ejec.Esp. Temporaria;Solicitud de Excepción Contratación Dto. 1109/17 - Pichetto, Veronica Lorena;Carlos Traverso;2023-03-01;n/d;Certificación de cantidad cargos vacantes según lo establecido en la Decisión Administrativa distributiva de presupuesto.
EX-2023-14003767-   -APN-DGDYD#MJ;2023-02-27;Dto.Nº 426/22;MINISTERIO DE JUSTICIA;MOBI CHAYEP, Marien;Carlos Traverso;2023-03-01;n/d;Intervención FAVORABLE en razón de tratarse de un MOBI (movilidad de agentes que ya mantienen un vínculo con la APN, por lo que no representan un alta de personal).
EX-2022-137478202-   -APN-UGA#MDS;2023-02-27;Dto.Nº 426/22;MIN. DESARROLLO SOCIAL;MOBI GODOY, Marina Pamela.;Carlos Traverso;2023-03-01;n/d;Intervención FAVORABLE en razón de tratarse de un MOBI (movilidad de agentes que ya mantienen un vínculo con la APN, por lo que no representan un alta de personal).
EX-2023-334373-   -AFIP-DICDRH#SDGRHH;2023-02-28;Dto.Nº 426/22;AFIP;AFIP- Solicitud Autorización excepción;Carlos Traverso;2023-03-01;n/d;Intervención FAVORABLE (1) de la SSP a la continuidad del trámite de excepción en los términos del inc. b) del art. 2° del Decreto N°426/22
EX-2023-6311035-   -APN-SA#SEGEMAR;2023-02-24;Dto.Nº 426/22;SEGEMAR;MOBI;Carlos Traverso;2023-02-28;n/d;Intervención FAVORABLE en razón de tratarse de un MOBI (movilidad de agentes que ya mantienen un vínculo con la APN, por lo que no representan un alta de personal).
EX-2023-6289904-   -APN-SA#SEGEMAR;2023-02-24;Dto.Nº 426/22;SEGEMAR;MOBI;Carlos Traverso;2023-02-28;n/d;Intervención FAVORABLE en razón de tratarse de un MOBI (movilidad de agentes que ya mantienen un vínculo con la APN, por lo que no representan un alta de personal).
EX-2023-12509360-   -APN-DAYGP#JGM;2023-02-17;Dto.Nº 426/22;JGM -Unid.Ejec.Esp. Temporaria;UEET "El Estado en tu Barrio"- Pablo Noto;Carlos Traverso;2023-02-28;n/d;Certificación de cantidad cargos vacantes según lo establecido en la Decisión Administrativa distributiva de presupuesto.
EX-2022-124941785-   -APN-TTN#MOP;2023-02-01;Dto.Nº 426/22;TRIBUNAL DE TASACIONES;SOLICITUD DE CONTRATACIÓN - ING. CIVIL. Daniel ZAWADA (DNI Nº 12.666.944) - ART 9 - ANEXO LEY 25164 - 2022;Carlos Traverso;2023-02-28;n/d;Intervención FAVORABLE (1) de la SSP a la continuidad del trámite de excepción en los términos del inc. b) del art. 2° del Decreto N°426/22
EX-2023-8301669-   -APN-DGRH#HP;2023-02-16;Dto.Nº 426/22;Hospital Nac. "Profesor Alejandro Posadas";Solicitud de Contratación por excepción Decreto Nº 426/2022 Art. 2º inciso b);Carlos Traverso;2023-02-27;n/d;null
EX-2022-115176898-   -APN-DGCA#BNMM;2023-01-27;;BIBLIOTECA NAC. MARIANO MORENO;MEDINA Pablo Luciano, DNI 5.655.099 Contratación bajo la modalidad locación de obra;Carlos Traverso;2023-02-27;n/d;null
EX-2023-17557808-   -APN-DGA#APNAC;2023-02-17;;ADM.PARQUES NACIONALES;Modificación de cargos Escalafón Guardaparques Ejercicio 2023;Carlos Traverso;2023-02-27;n/d;null
EX-2022-138613052-   -APN-DAYGP#JGM;2023-01-19;Dto.Nº 426/22;JGM;UEET "El Estado en tu Barrio"- Galeano, Laionel Luis Alberto;Carlos Traverso;2023-02-23;n/d;Certificación de cantidad cargos vacantes según lo establecido en la Decisión Administrativa distributiva de presupuesto.
EX-2022-113173894-   -APN-DGA#EMCO;2023-02-03;Dto.Nº 426/22;EMCO;Contratación Personal Civil para los Nuevos Centros de Salud;Carlos Traverso;2023-02-23;n/d;Certificación de cantidad cargos vacantes según lo establecido en la Decisión Administrativa distributiva de presupuesto.
EX-2021-114945417-   -APN-DGTYA#SENASA;2023-01-05;Transferencia Agente de Planta;SENASA;Transferencia PINTO Bruno joaquin Hosp. Nac. en Red "Lic. Laura Bonaparte" a SENASA;Carlos Traverso;2023-02-23;n/d;Certificación de cantidad cargos vacantes según lo establecido en la Decisión Administrativa distributiva de presupuesto.
EX-2022-68935676-   -APN-DGD#MAGYP;2023-01-05;Transferencia Agente de Planta;SEC.AGRIC.GANADERIA Y PESCA;Transf. Horacio Lorenzo de la SEC.AGRICULTURA al SENASA;Carlos Traverso;2023-02-23;n/d;Certificación de cantidad cargos vacantes según lo establecido en la Decisión Administrativa distributiva de presupuesto.
EX-2023-3102680-   -APN-DARRHH#CNRT;2023-01-20;Dto.Nº 426/22;CNRT;Contrat Ley Contrat Trabajo 20,744;Carlos Traverso;2023-02-17;n/d;MARINA TIPO DE INTERVENCIÓN?
EX-2023-06696557-APN-CGD#SGP;1899-12-30;Dto.Nº 426/22;Secretaría General de la Presidencia de la Nación ;;Carlos Traverso;2023-02-13;n/d;Intervención FAVORABLE (1) de la SSP a la continuidad del trámite de excepción en los términos del inc. b) del art. 2° del Decreto N°426/22
EX-2023-541479-   -APN-CGD#SGP;2023-01-16;Dto.Nº 426/22;PRESIDENCIA DE LA NACIÓN;Alta MOBI ;Carlos Traverso;2023-02-13;n/d;Intervención FAVORABLE en razón de tratarse de un MOBI (movilidad de agentes que ya mantienen un vínculo con la APN, por lo que no representan un alta de personal).
EX-2023-2417379-   -APN-DAYGP#JGM;2023-01-20;Dto.Nº 426/22;JGM;UEET "El Estado en tu Barrio" ARDILES, Verónica y GANDULIA, Rodolfo;Carlos Traverso;2023-02-09;n/d;Intervención FAVORABLE por tratarse de un caso que encuadra en la excepción contemplada en el inc. c) del Dto. N°426/22 (cobertura de unidades organizativas SINEP, designaciones de titulares de Dpto. y cargos equivalentes en las estructuras orgánicos funcionales vigentes, cualquiera fuera el régimen aplicable).
EX-2022-95120586-   -APN-DGCA#BNMM;2023-01-16;Dto.Nº 426/22;BIBLIOTECA NAC. MARIANO MORENO;Alta MOBI TOMAS GABRIEL VALOBRA;Carlos Traverso;2023-01-31;n/d;Intervención FAVORABLE en razón de tratarse de un MOBI (movilidad de agentes que ya mantienen un vínculo con la APN, por lo que no representan un alta de personal).
EX-2022-95123225-   -APN-DGCA#BNMM;2023-01-24;Dto.Nº 426/22;BIBLIOTECA NAC. MARIANO MORENO;Alta MOBI - Juan Ignacio ACEVEDO ;Carlos Traverso;2023-01-30;n/d;Intervención FAVORABLE en razón de tratarse de un MOBI (movilidad de agentes que ya mantienen un vínculo con la APN, por lo que no representan un alta de personal).
EX-2022-135647988-   -APN-DGDA#MEC;2023-01-24;Dto.Nº 426/22;MECON;Alta MOBI - FIGOLA Alberto;Carlos Traverso;2023-01-27;n/d;Intervención FAVORABLE en razón de tratarse de un MOBI (movilidad de agentes que ya mantienen un vínculo con la APN, por lo que no representan un alta de personal).
EX-2022-131859178-   -APN-DGDA#MEC;2023-01-24;Dto.Nº 426/22;MECON;Alta MOBI - De la Cuadra Reveco Gonzalo;Carlos Traverso;2023-01-27;n/d;Intervención FAVORABLE en razón de tratarse de un MOBI (movilidad de agentes que ya mantienen un vínculo con la APN, por lo que no representan un alta de personal).
EX-2022-103265323-   -APN-DGDA#MEC;2023-01-17;Dto.Nº 426/22;MECON;Alta MOBI - Celano Juan Manuel - SPDyPF;Carlos Traverso;2023-01-27;n/d;Intervención FAVORABLE en razón de tratarse de un MOBI (movilidad de agentes que ya mantienen un vínculo con la APN, por lo que no representan un alta de personal).
EX-2022-131860704-   -APN-DGDA#MEC;2023-01-17;Dto.Nº 426/22;MECON;Alta MOBI- Agente Martin Emiliano;Carlos Traverso;2023-01-20;n/d;Intervención FAVORABLE en razón de tratarse de un MOBI (movilidad de agentes que ya mantienen un vínculo con la APN, por lo que no representan un alta de personal).
EX-2022-131855691-   -APN-DGDA#MEC;2023-01-17;Dto.Nº 426/22;MECON;Alta MOBI - La Torella Mariana;Carlos Traverso;2023-01-20;n/d;Intervención FAVORABLE en razón de tratarse de un MOBI (movilidad de agentes que ya mantienen un vínculo con la APN, por lo que no representan un alta de personal).
EX-2022-103286455-   -APN-DGDA#MEC;2023-01-17;Dto.Nº 426/22;MECON;Alta MOBI - Benjardino Cecilia - SPDyPF;Carlos Traverso;2023-01-20;n/d;Intervención FAVORABLE en razón de tratarse de un MOBI (movilidad de agentes que ya mantienen un vínculo con la APN, por lo que no representan un alta de personal).
EX-2022-120440401-   -APN-DGDYD#MJ;2023-01-09;Dto.Nº 426/22;MIN. JUSTICIA;Solicitud de Excepción para Designación Transitoria - Diego MAGLIANO;Carlos Traverso;2023-01-20;n/d;Intervención FAVORABLE (1) de la SSP a la continuidad del trámite de excepción en los términos del inc. b) del art. 2° del Decreto N°426/22. Se aclara que en realidad no representa un alta alcanzada por el Dto. 426/22
EX-2022-131700056-   -APN-INIDEP#MEC;2022-12-06;Dto.Nº 426/22;INIDEP;SOLICITUD DE EXCEPCION PARA DESIGNACION DE PERSONAL - GRACIA VILLALOBOS LEILEN LUCIANA;Carlos Traverso;2023-01-13;n/d;null
EX-2022-130311634-   -APN-DGARRHH#JGM;2022-12-02;Dto.Nº 426/22;JGM;SOLICITUD DE EXCEPCIÓN PARA DESIGNACIÓN DE PERSONAL
INCISO DE EXCEPCIÓN: Artículo N° 2 – inc. F) – ALTA por BAJA.;Carlos Traverso;2023-01-20;n/d;Intervención FAVORABLE (1) de la SSP a la continuidad del trámite de excepción en los términos del inc. b) del art. 2° del Decreto N°426/22
EX-2022-127372601-   -APN-DACMYSG#ANLIS;2023-01-09;Dto.Nº 426/22;ANLIS - Inst.Nac.Epidemiología;Contratación Postulante: GUERRIERO, LEONOR - MODALIDAD DECRETO N° 1109/17;Carlos Traverso;2023-01-18;n/d;Intervención FAVORABLE (1) de la SSP a la continuidad del trámite de excepción en los términos del inc. b) del art. 2° del Decreto N°426/22
EX-2022-115176898-   -APN-DGCA#BNMM;2022-11-23;Dto.Nº 426/22; BIBLIOTECA MARIANO MORENO;MEDINA Pablo Luciano, DNI 5.655.099 Contratación bajo la modalidad locación de obra;Carlos Traverso;1900-01-02;n/d;RESTITUCIÓN de las actuaciones al organismo/ jurisdicción en razón de no observarse la expresión de las razones que justifiquen criticidad, especificidad técnica, profesional o riesgo operativo a fin de encuadrarse en las excepción del inc. b) del art. 2° del Dto. N°426/22.
EX-2022-124560222-   -APN-DGDYD#JGM;2022-11-23;Dto.Nº 426/22;JEFATURA DE GABINETE DE MINISTROS;Contratación Dto. 1109/17 - MONK, Adriana Paula;Carlos Traverso;2022-12-29;n/d;Intervención FAVORABLE (1) de la SSP a la continuidad del trámite de excepción en los términos del inc. b) del art. 2° del Decreto N°426/22
EX-2022-82823905-   -APN-DGD#CNCPS;2022-12-15;Dto.Nº 426/22;POLITICAS SOCIALES - SINTyS;Contratación Dto. 1109/17;Carlos Traverso;2022-12-29;n/d;Intervención FAVORABLE (1) de la SSP a la continuidad del trámite de excepción en los términos del inc. b) del art. 2° del Decreto N°426/22
EX-2022-82823905-   -APN-DGD#CNCPS;2022-12-15;Dto.Nº 426/22;POLITICAS SOCIALES - SINTyS;MOBI - Solo el especialista, no los administrativos.;Carlos Traverso;2022-12-29;n/d;Intervención DESFAVORABLE, no surge de las actuaciones las causales que habiliten la consideración del caso en la excepción del inc. b) Art. 2º del Dto. 426/22
EX-2022-137507779-INSSJP-GRRHH#INSSJP;2022-12-29;Dto.Nº 426/22;PAMI;Contrat. Prestación de servicios;Carlos Traverso;2022-12-29;n/d;Intervención FAVORABLE (1) de la SSP a la continuidad del trámite de excepción en los términos del inc. b) del art. 2° del Decreto N°426/22
EX-2022-124893811-   -APN-TTN#MOP;2022-11-29;Dto.Nº 426/22;TRIBUNAL DE TASACIONES;CONTRATACIÓN - ART 9 - ANEXO LEY 25164 - 2022 -  Solo el especialista, no los administrativos.;Carlos Traverso;2022-12-29;n/d;Intervención FAVORABLE (1) de la SSP a la continuidad del trámite de excepción en los términos del inc. b) del art. 2° del Decreto N°426/22
EX-2022-124893811-   -APN-TTN#MOP;2022-11-29;Dto.Nº 426/22;TRIBUNAL DE TASACIONES;CONTRATACIÓN - ART 9 - ANEXO LEY 25164 - 2022 -  Solo el especialista, no los administrativos.;Carlos Traverso;2022-12-29;n/d;Intervención DESFAVORABLE, no surge de las actuaciones las causales que habiliten la consideración del caso en la excepción del inc. b) Art. 2º del Dto. 426/22
EX-2022-129059613-APN-DA#INC;2022-12-27;Dto.Nº 426/22;INSTITUTO NAC DEL CANCER;Alta MOBI;Carlos Traverso;2022-12-28;n/d;Intervención FAVORABLE en razón de tratarse de un MOBI (movilidad de agentes que ya mantienen un vínculo con la APN, por lo que no representan un alta de personal).
EX-2022-125464337-   -APN-DGAYF#MAD;2022-11-29;Dto.Nº 426/22;MIN. AMBIENTE Y DESARROLLO SOSTENIBLE;Contratación Dto. 1109/17;Carlos Traverso;2022-12-27;n/d;Intervención FAVORABLE (1) de la SSP a la continuidad del trámite de excepción en los términos del inc. b) del art. 2° del Decreto N°426/22
EX-2022-102051870-   -APN-INIDEP#MEC;2022-11-01;Dto.Nº 426/22;INIDEP;null;Carlos Traverso;2022-12-27;n/d;Intervención FAVORABLE (1) de la SSP a la continuidad del trámite de excepción en los términos del inc. b) del art. 2° del Decreto N°426/22
EX-2022-116396738-   -APN-DGD#MAGYP;2022-12-22;Dto.Nº 426/22;Ex. MAGyP;Contratación Dto. 1109/17;Carlos Traverso;2022-12-27;n/d;Intervención FAVORABLE (1) de la SSP a la continuidad del trámite de excepción en los términos del inc. b) del art. 2° del Decreto N°426/22
EX-2022-116399415-   -APN-DGD#MAGYP;2022-12-22;Dto.Nº 426/22;Ex. MAGyP;Contratación Dto. 1109/17;Carlos Traverso;2022-12-27;n/d;Intervención FAVORABLE (1) de la SSP a la continuidad del trámite de excepción en los términos del inc. b) del art. 2° del Decreto N°426/22
EX-2022-125712993-   -APN-DGPEYCI#MDS;2022-11-28;Dto.Nº 426/22;MIN. DESARROLLO SOCIAL;Programa de Apoyo a la Equidad y Efectividad del Sistema de Protección Social en Argentina - Fase II. Préstamo BID 4806 OC/AR. Asesor Área Legal.;Carlos Traverso;2022-12-27;n/d;Intervención FAVORABLE (1) de la SSP a la continuidad del trámite de excepción en los términos del inc. b) del art. 2° del Decreto N°426/22
EX-2022-121285675-   -APN-DGPEYCI#MDS;2022-11-25;Dto.Nº 426/22;MIN. DESARROLLO SOCIAL;Contratación Dto. 1109/17;Carlos Traverso;2022-12-27;n/d;Intervención FAVORABLE (1) de la SSP a la continuidad del trámite de excepción en los términos del inc. b) del art. 2° del Decreto N°426/22
EX-2022-106844588-   -APN-SRRHH#CNV;2022-11-23;Dto.Nº 426/22;COMISIÓN NAC. DE VALORES;Art. 9º Ley Marco;Carlos Traverso;2022-12-21;n/d;Intervención FAVORABLE (1) de la SSP a la continuidad del trámite de excepción en los términos del inc. b) del art. 2° del Decreto N°426/22
EX-2022-122097953-   -APN-DAYGP#JGM;2022-11-17;Dto.Nº 426/22;JEF.GABINETE MINISTROS;Contrat. Dto. 1109/17.  Insituto Nac. De Juventudes.;Carlos Traverso;2022-12-22;n/d;Intervención FAVORABLE (1) de la SSP a la continuidad del trámite de excepción en los términos del inc. b) del art. 2° del Decreto N°426/22
EX-2022-115236988-   -APN-DTA#AAIP;2022-11-15;Dto.Nº 426/22;AGENCIA DE ACCESO A LA INF. PÚBLICA;Designación de Personal a través del Programa Movilidad y Búsquedas Internas (MoBI).;Carlos Traverso;2022-12-16;n/d;Intervención FAVORABLE en razón de tratarse de un MOBI (movilidad de agentes que ya mantienen un vínculo con la APN, por lo que no representan un alta de personal).
EX-2022-94636125-   -APN-DGTYA#SENASA;2022-10-11;Asignación de Vacantes por Descongelamiento de Cargos;SENASA;Proyecto de Decisión Administrativa que asigna y exceptúa al Servicio Nacional de Sanidad y Calidad Agroalimentaria (SENASA) del artículo 7° de la Ley N°27.591, a efectos de cubrir 227 cargos vacantes.;Carlos Traverso;2022-12-15;n/d;Certificación de cantidad cargos vacantes según lo establecido en la Decisión Administrativa distributiva de presupuesto.
EX-2022-120811152-   -APN-DGRRHH#MDS;2022-11-29;Dto.Nº 426/22;MIN. DESARROLLO SOCIAL;Alta MOBI;Carlos Traverso;2022-12-14;n/d;Intervención FAVORABLE en razón de tratarse de un MOBI (movilidad de agentes que ya mantienen un vínculo con la APN, por lo que no representan un alta de personal).
EX-2022-82078825-   -APN-DGCA#BNMM;2022-11-30;Dto.Nº 426/22;BIBLIOTECA NAC. MARIANO MORENO;Alta MOBI.  Hernán GONZALEZ UGARTE;Carlos Traverso;2022-12-14;n/d;Intervención FAVORABLE en razón de tratarse de un MOBI (movilidad de agentes que ya mantienen un vínculo con la APN, por lo que no representan un alta de personal).
EX-2022-123330442-   -APN-CGD#SGP;2022-11-25;Dto.Nº 426/22;PRESIDENCIA DE LA NACIÓN;contratación Dto. 1109/17;Carlos Traverso;2022-11-29;n/d;Intervención FAVORABLE (1) de la SSP a la continuidad del trámite de excepción en los términos del inc. b) del art. 2° del Decreto N°426/22
EX-2022-124585894-   -APN-DGDYD#JGM;2022-11-23;Dto.Nº 426/22;JEFATURA DE GABINETE DE MINISTROS;ZOLEZZI, Marina Berta.;Carlos Traverso;2022-11-29;n/d;Intervención FAVORABLE (1) de la SSP a la continuidad del trámite de excepción en los términos del inc. b) del art. 2° del Decreto N°426/22
EX-2022-118725819-   -APN-INIDEP#MEC;2022-11-23;Dto.Nº 426/22;INIDEP;contratación Dto. 1109/17;Carlos Traverso;2022-11-28;n/d;Intervención FAVORABLE (1) de la SSP a la continuidad del trámite de excepción en los términos del inc. b) del art. 2° del Decreto N°426/22
EX-2022-117376235-   -APN-DGDYD#MJ;2022-11-22;Dto.Nº 426/22;MIN. JUSTICIA;Contratación en el PROGRAMA DE PATROCINIO JURÍDICO Y ACOMPAÑAMIENTO INTERDISCIPLINARIO PARA NIÑAS, NIÑOS Y ADOLESCENTES VÍCTIMAS DE ABUSO SEXUAL (PatrocinAR);Carlos Traverso;2022-11-28;n/d;Intervención FAVORABLE (1) de la SSP a la continuidad del trámite de excepción en los términos del inc. b) del art. 2° del Decreto N°426/22
EX-2022-99309035-   -APN-DGDYD#MJ;2022-11-22;Dto.Nº 426/22;MIN. JUSTICIA;Contratación en el PROGRAMA DE PATROCINIO JURÍDICO Y ACOMPAÑAMIENTO INTERDISCIPLINARIO PARA NIÑAS, NIÑOS Y ADOLESCENTES VÍCTIMAS DE ABUSO SEXUAL (PatrocinAR);Carlos Traverso;2022-11-25;n/d;Intervención FAVORABLE (1) de la SSP a la continuidad del trámite de excepción en los términos del inc. b) del art. 2° del Decreto N°426/22
EX-2022-119703193-   -APN-DARRHH#CNRT;2022-11-22;Dto.Nº 426/22;COM.NAC.REGULAC. DEL TRANSPORTE;Contratación plazo fijo Ley 20,744 contrat de trabajo, agentes OPERATIVO VERANO 2022 / 2023;Carlos Traverso;2022-11-25;n/d;Intervención FAVORABLE (1) de la SSP a la continuidad del trámite de excepción en los términos del inc. b) del art. 2° del Decreto N°426/22
EX-2022-124559732-   -APN-DGDYD#JGM;2022-11-23;Dto.Nº 426/22;JEFATURA DE GABINETE DE MINISTROS;contratación Dto. 1109/17;Carlos Traverso;2022-11-24;n/d;Intervención FAVORABLE (1) de la SSP a la continuidad del trámite de excepción en los términos del inc. b) del art. 2° del Decreto N°426/22
EX-2022-124603675-   -APN-DGDYD#JGM;2022-11-23;Dto.Nº 426/22;JEFATURA DE GABINETE DE MINISTROS;contratación Dto. 1109/17;Carlos Traverso;2022-11-24;n/d;Intervención FAVORABLE (1) de la SSP a la continuidad del trámite de excepción en los términos del inc. b) del art. 2° del Decreto N°426/22
EX-2022-124832641-   -APN-DGPEYCI#MDS;2022-11-18;Dto.Nº 426/22;MIN. DESARROLLO SOCIAL;contratación Dto. 1109/17;Carlos Traverso;2022-11-24;n/d;Intervención FAVORABLE (1) de la SSP a la continuidad del trámite de excepción en los términos del inc. b) del art. 2° del Decreto N°426/22
EX-2022-119461255-   -INSSJP-GRRHH#INSSJP;2022-11-15;Dto.Nº 426/22;PAMI;Contrat. Prestación de servicios Centro Covid;Carlos Traverso;2022-11-24;n/d;Intervención FAVORABLE (1) de la SSP a la continuidad del trámite de excepción en los términos del inc. b) del art. 2° del Decreto N°426/22
EX-2021-117738603-   -APN-GAYRRHH#CONAE;2022-11-11;Dto.Nº 426/22;CONAE;Llamado a Concurso General de Antecedentes 14 cargos en la Planta Permanente de la CONAE;Carlos Traverso;2022-11-24;n/d;Se deja constancia que cuenta con los cargos
EX-2022-120196744-   -APN-DGAYF#MAD;2022-11-22;Dto.Nº 426/22;MIN. DE AMBIENTE;Contrat. Dto, 1109/17 "Inversiones Integradas Bajas en Carbono y Conservación en Ciudades Argentinas - GEF 7;Carlos Traverso;2022-11-23;n/d;Intervención FAVORABLE (1) de la SSP a la continuidad del trámite de excepción en los términos del inc. b) del art. 2° del Decreto N°426/22
EX-2022-118227242-   -APN-CGD#SGP;2022-11-10;Dto.Nº 426/22;PRESIDENCIA DE LA NACIÓN;Contratación Dto. 1109/17. Sec. Asuntos Estratégicos;Carlos Traverso;2022-11-17;n/d;Intervención FAVORABLE (1) de la SSP a la continuidad del trámite de excepción en los términos del inc. b) del art. 2° del Decreto N°426/22
EX2022-118417592-APN-SSGA#MSG;1899-12-30;POYECTO DE DECRETO;MIN. DE SEGURIDAD;Suma fija no remunerativa, no bonificable Personal de Seg.;Carlos Traverso;2022-11-16;n/d;Remsión a la CTASSP con indicación de que el gasto que demande la medida deberá ser atendido con el presupuesto de la jurisdicción correspondiente
EX-2022-72399272-   -APN-SA#BNDG;2022-11-07;Recategorización;MIN. CIENCIA, TEC. E INNOVACIÓN; BANCO NACIONAL DE DATOS GENÉTICOS. ;Carlos Traverso;2022-11-16;n/d;se toma conocimiento y se devuelve
EX-2022-103556211-   -APN-DGAYF#MAD;2022-09-29;Dto.Nº 426/22;MIN. DE AMBIENTE;Contratación Dto. 1109/17 ;Carlos Traverso;2022-11-16;n/d;Intervención FAVORABLE (1) de la SSP a la continuidad del trámite de excepción en los términos del inc. b) del art. 2° del Decreto N°426/22
EX-2022-105654163-   -APN-SRH#SRT;2022-11-01;Dto.Nº 426/22;SUPERINT. RIESGOS DEL TRABAJO;null;Carlos Traverso;2022-11-16;n/d;Intervención FAVORABLE (1) de la SSP a la continuidad del trámite de excepción en los términos del inc. b) del art. 2° del Decreto N°426/22
EX-2022-103802360-   -APN-DGDYL#MI;2022-10-06;Dto.Nº 426/22;MIN. INTERIOR;Contratación Dto. 1109/17 ;Carlos Traverso;2022-11-15;n/d;Intervención FAVORABLE (1) de la SSP a la continuidad del trámite de excepción en los términos del inc. b) del art. 2° del Decreto N°426/22
EX-2022-112707089-   -APN-DGAYF#MAD;2022-11-01;Dto.Nº 426/22;MIN. DE AMBIENTE;Contratación Dto. 1109/17 ;Carlos Traverso;2022-11-11;n/d;Intervención FAVORABLE (1) de la SSP a la continuidad del trámite de excepción en los términos del inc. b) del art. 2° del Decreto N°426/22
EX-2022-96125255-   -APN-DAYGP#JGM;2022-10-25;Dto.Nº 426/22;JEFATURA DE GABINETE DE MINISTROS;Contratación Dto. 1109/17 ;Carlos Traverso;2022-11-11;n/d;Intervención FAVORABLE (1) de la SSP a la continuidad del trámite de excepción en los términos del inc. b) del art. 2° del Decreto N°426/22
EX-2022-103688276-   -APN-INIDEP#MEC;2022-09-29;Dto.Nº 426/22;INIDEP;Solicitud de excepción Decreto Nº 426/2022.  INIDEP;Carlos Traverso;2022-11-11;n/d;Intervención FAVORABLE (1) de la SSP a la continuidad del trámite de excepción en los términos del inc. b) del art. 2° del Decreto N°426/22
EX-2022-112000015-   -APN-DGDA#MEC;2022-10-20;Presentación Ciudadanos;Hospital Nac. "Profesor Alejandro Posadas";CICOP SECCIONAL HOSPITAL POSADAS SOLICITA QUE PRIORICE Y AGALICE LA GESTION DE CONCURSOS PARA ACEESO A LA PLANTA PERMANENTE DE LOS CONTRATADOS Y MONOTRIBUTISTAS;Carlos Traverso;2022-11-10;n/d;Se remite a la CTAPSSP para su intervención.
EX-2022-79622514-   -APN-DGARRHH#JGM;2022-11-03;Dto.Nº 426/22;JEFATURA DE GABINETE DE MINISTROS;Alta MOBI;Carlos Traverso;2022-11-10;n/d;Intervención FAVORABLE en razón de tratarse de un MOBI (movilidad de agentes que ya mantienen un vínculo con la APN, por lo que no representan un alta de personal).
EX-2022-79622403-   -APN-DGARRHH#JGM;2022-11-03;Dto.Nº 426/22;JEFATURA DE GABINETE DE MINISTROS;Alta MOBI;Carlos Traverso;2022-11-10;n/d;Intervención FAVORABLE en razón de tratarse de un MOBI (movilidad de agentes que ya mantienen un vínculo con la APN, por lo que no representan un alta de personal).
EX-2022-79622575-   -APN-DGARRHH#JGM;2022-11-03;Dto.Nº 426/22;JEFATURA DE GABINETE DE MINISTROS;Alta MOBI;Carlos Traverso;2022-11-10;n/d;Intervención FAVORABLE en razón de tratarse de un MOBI (movilidad de agentes que ya mantienen un vínculo con la APN, por lo que no representan un alta de personal).
EX-2022-83509367-   -APN-SSNAT#MDS;2022-11-03;Dto.Nº 426/22;MIN. DESARROLLO SOCIAL;Alta MOBI;Carlos Traverso;2022-11-09;n/d;Intervención FAVORABLE en razón de tratarse de un MOBI (movilidad de agentes que ya mantienen un vínculo con la APN, por lo que no representan un alta de personal).
EX-2022-93447055-   -APN-DA#INC;2022-11-03;Dto.Nº 426/22;INSTITUTO NAC DEL CANCER;Alta MOBI;Carlos Traverso;2022-11-09;n/d;Intervención FAVORABLE en razón de tratarse de un MOBI (movilidad de agentes que ya mantienen un vínculo con la APN, por lo que no representan un alta de personal).
EX-2022-103713370-   -APN-DGCA#BNMM;2022-10-19;Dto.Nº 426/22;BIBLIOTECA NAC. MARIANO MORENO;contratación;Carlos Traverso;2022-11-09;n/d;RESTITUCIÓN de las actuaciones al organismo/ jurisdicción en razón de no observarse la expresión de las razones que justifiquen criticidad, especificidad técnica, profesional o riesgo operativo a fin de encuadrarse en las excepción del inc. b) del art. 2° del Dto. N°426/22.
EX-2022-116579902-   -APN-DAYGP#JGM;2022-11-02;Dto.Nº 426/22;JEFATURA DE GABINETE DE MINISTROS;Contratación Dto. 1109/17 ;Carlos Traverso;2022-11-08;n/d;Intervención FAVORABLE (1) de la SSP a la continuidad del trámite de excepción en los términos del inc. b) del art. 2° del Decreto N°426/22
EX-2022-81920156-   -APN-DGA#EMCO;2022-09-21;Dto.Nº 426/22;Estado Mayor Conjunto de las FF.AA;Contrat agente civil Agregaduría de Defensa, Militar, Naval y Aeronáutica Embajada República Argentina en la India.;Carlos Traverso;2022-11-08;n/d;Intervención FAVORABLE (1) de la SSP a la continuidad del trámite de excepción en los términos del inc. b) del art. 2° del Decreto N°426/22
EX-2022-75579991-   -APN-DNAAJYM#ANMAC;2022-11-02;Dto.Nº 426/22;ANMAC;Alta MOBI;Carlos Traverso;2022-11-08;n/d;Intervención FAVORABLE en razón de tratarse de un MOBI (movilidad de agentes que ya mantienen un vínculo con la APN, por lo que no representan un alta de personal).
EX-2022-107757530-   -APN-DDE#MTYD;2022-10-31;Dto.Nº 426/22;MIN. TURISMO;null;Carlos Traverso;2022-11-04;n/d;Intervención FAVORABLE (1) de la SSP a la continuidad del trámite de excepción en los términos del inc. b) del art. 2° del Decreto N°426/22
EX-2022-76304876-   -APN-DRRHH#ME;2022-11-01;Dto.Nº 426/22;MIN. EDUCACIÓN;Alta MOBI;Carlos Traverso;2022-11-03;n/d;Intervención FAVORABLE en razón de tratarse de un MOBI (movilidad de agentes que ya mantienen un vínculo con la APN, por lo que no representan un alta de personal).
EX-2022-97291396-   -APN-DGGRH#MT;2022-09-22;Dto.Nº 426/22;MIN.TRABAJO;Altas Art. 9 Ley 25.164, para la creación de la Agencia Territorial Dolores ;Carlos Traverso;2022-11-01;n/d;Intervención FAVORABLE (1) de la SSP a la continuidad del trámite de excepción en los términos del inc. b) del art. 2° del Decreto N°426/22
EX-2022-110954542-   -APN-OA#PTE;2022-10-21;Dto.Nº 426/22;OFICINA ANTICORRUPCIÓN;Poyecto PNUD ARG16019 - Alta de Contratos PNUD - Res. JGM 53/2021;Carlos Traverso;2022-11-01;n/d;Intervención FAVORABLE (1) de la SSP a la continuidad del trámite de excepción en los términos del inc. b) del art. 2° del Decreto N°426/22
EX-2022-103068472-   -APN-DGRRHH#MTR;2022-10-12;Dto.Nº 426/22;MIN.TRANSPORTE;Ente Nac. Control y Gestión de Vía Navegagle. Contrat. Dto 1109/17;Carlos Traverso;2022-10-26;n/d;Intervención FAVORABLE (1) de la SSP a la continuidad del trámite de excepción en los términos del inc. b) del art. 2° del Decreto N°426/22
EX-2022-90855062-   -APN-GRH#CONICET;2022-09-19;Dto.Nº 426/22;CONICET;Contratación perfil técnico en soporte de IT;Carlos Traverso;2022-10-25;n/d;Intervención FAVORABLE (1) de la SSP a la continuidad del trámite de excepción en los términos del inc. b) del art. 2° del Decreto N°426/22
EX-2022-97974726-   -APN-GRH#CONICET;2022-10-05;Dto.Nº 426/22;CONICET;Contratación perfil técnico en soporte de IT;Carlos Traverso;2022-10-25;n/d;Intervención FAVORABLE (1) de la SSP a la continuidad del trámite de excepción en los términos del inc. b) del art. 2° del Decreto N°426/22
EX-2022-109719209-   -APN-DNDO#JGM;2022-10-20;Proyecto de Resolución;JEFATURA DE GABINETE DE MINISTROS;Proyecto de Resolución - UEET "EL ESTADO EN TU BARRIO" - Modificación.;Carlos Traverso;2022-10-24;n/d; Intervención favorable por tratarse de un caso que encuadra en la excepción contemplada en el inc. c) del Dto. N°426/22 (cobertura de unidades organizativas SINEP, designaciones de titulares de Dpto. y cargos equivalentes en las estructuras orgánicos funcionales vigentes, cualquiera fuera el régimen aplicable).
EX-2022-106519086-   -APN-SSGA#MSG;2022-10-18;Proyecto de Resolución;MIN. SEGURIDAD (FUERZAS DE SEGURIDAD);Actualización HABERES FFSS;Carlos Traverso;2022-01-20;n/d;null
EX-2022-106218911-   -APN-DGDA#MEC;2022-10-17;Dto.Nº 426/22;MIN. ECONOMÍA;Creación UEET. Inciso c) Dto. 426;Carlos Traverso;2022-10-20;n/d;Intervención FAVORABLE por tratarse de un caso que encuadra en la excepción contemplada en el inc. c) del Dto. N°426/22 (cobertura de unidades organizativas SINEP, designaciones de titulares de Dpto. y cargos equivalentes en las estructuras orgánicos funcionales vigentes, cualquiera fuera el régimen aplicable).
EX-2022-97201657-   -APN-DGAYF#MAD;2022-09-30;Dto.Nº 426/22;Ministerio de Ambiente y Desarrollo Sostenible;Contratación Decreto Nº 1109/17;Carlos Traverso;2022-10-20;n/d;Intervención FAVORABLE (1) de la SSP a la continuidad del trámite de excepción en los términos del inc. b) del art. 2° del Decreto N°426/22
EX-2021-10892513-   -APN-DRRHHYGCIP#JGM;2022-09-20;Traslado de agente;JGM;Traslado de agente - FONTANA Diego Pablo.  FIRMA DR. CARUSO;Carlos Traverso;2022-10-21;n/d;Certificación de cantidad cargos vacantes según lo establecido en la Decisión Administrativa distributiva de presupuesto.
EX-2022-108565378-   -APN-UGA#MD;2022-10-12;Proyecto de Resolución;MIN. DEFENSA (FUERZAS DE SEGURIDAD);PROYECTO ACTO ADMINISTRATIVO;Carlos Traverso;2022-10-18;n/d;Pase a la CTAPSSP dejando constancia que la medida responde a los términos de decisiones similares para la APN
EX-2022-49557883-   -APN-SGYEP#JGM;2022-09-21;Proyecto de Decisión Administrativa;JEFATURA DE GABINETE DE MINISTROS;Proyecto de Decisión Administrativa: creación y autorización de cargos.;Carlos Traverso;2022-10-18;n/d;Atento a lo establecido por art. 6° Ley N°27.591 y por el Dto. N°426/22, en la medida que los concursos sustanciados y a sustanciarse recaigan en personas vinculadas a la APN mediante la Ley Marco N°25.164 y los respectivos CCT, encuadrándose en las excepciones contempladas por el art. 6° mencionado, no se aprecian observaciones para el proyecto en curso.  
EX-2022-84313026-   -APN-SIGEN;2022-10-14;Dto.Nº 426/22;SIGEN;Solicitud de Excepción Designación de Personal - SIGEN;Carlos Traverso;2022-10-18;n/d;Enviado a Cosaka para su trámite a través de un pase
EX-2022-98505114-   -APN-GRH#CONICET;2022-10-14;Dto.Nº 426/22;CONICET;CCTS SINEP;Carlos Traverso;2022-10-17;n/d;Intervención FAVORABLE (1) de la SSP a la continuidad del trámite de excepción en los términos del inc. b) del art. 2° del Decreto N°426/22
EX-2022-103098697-   -APN-DGCA#BNMM;2022-10-14;Dto.Nº 426/22;BIBLIOTECA NAC. MARIANO MORENO;Requerimiento excepción DECRETO N°426/2022.  ;Carlos Traverso;2022-10-17;n/d;RESTITUCIÓN de las actuaciones al organismo/ jurisdicción en razón de no observarse la expresión de las razones que justifiquen criticidad, especificidad técnica, profesional o riesgo operativo a fin de encuadrarse en las excepción del inc. b) del art. 2° del Dto. N°426/22.
EX-2022-89751857-   -APN-DARRHH#CNRT;2022-09-21;Dto.Nº 426/22;COMISIÓN NAC. DE REGULACIÓN DEL TRANSPORTE;Contratación Dto. 1109/17 ;Carlos Traverso;2022-10-17;n/d;Intervención FAVORABLE (1) de la SSP a la continuidad del trámite de excepción en los términos del inc. b) del art. 2° del Decreto N°426/22
EX-2022-91344834-   -APN-GRH#CONICET;2022-10-05;Dto.Nº 426/22;CONICET;Alta MOBI;Carlos Traverso;2022-10-14;n/d;Intervención FAVORABLE en razón de tratarse de un MOBI (movilidad de agentes que ya mantienen un vínculo con la APN, por lo que no representan un alta de personal).
EX-2022-90203341-   -APN-GRH#CONICET;2022-10-05;Dto.Nº 426/22;CONICET;Alta MOBI;Carlos Traverso;2022-10-14;n/d;Intervención FAVORABLE en razón de tratarse de un MOBI (movilidad de agentes que ya mantienen un vínculo con la APN, por lo que no representan un alta de personal).
EX-2022-105220749-   -APN-DAYGP#JGM;2022-10-06;Dto.Nº 426/22;JGM;Contratación Dto. 1109/17 ;Carlos Traverso;2022-10-14;n/d;Intervención FAVORABLE (1) de la SSP a la continuidad del trámite de excepción en los términos del inc. b) del art. 2° del Decreto N°426/22
EX-2022-98503021-APN-RH#CONICET;1899-12-30;Dto.Nº 426/22;CONICET;Cobertura cargo CCTS SINEP;Carlos Traverso;2022-10-13;n/d;Intervención FAVORABLE (1) de la SSP a la continuidad del trámite de excepción en los términos del inc. b) del art. 2° del Decreto N°426/22
EX-2022-96049229-   -APN-DGDYL#MI;1899-12-30;Dto.Nº 426/22;MINISTERIO DEL INTERIOR.;Contratación Dto. 1109/17 ;Carlos Traverso;2022-10-13;n/d;Intervención FAVORABLE (1) de la SSP a la continuidad del trámite de excepción en los términos del inc. b) del art. 2° del Decreto N°426/22
EX-2022-94288780-   -APN-DCTA#PTN;1899-12-30;Dto.Nº 426/22;PROCURACIÓN DEL TESORO DE LA NACIÓN;Asesor Contratación Dto. 1109/17 por la creación del Juzgado Federal en la Ciudad de Concordia.;Carlos Traverso;2022-10-13;n/d;Intervención FAVORABLE (1) de la SSP a la continuidad del trámite de excepción en los términos del inc. b) del art. 2° del Decreto N°426/22
EX-2022-93622962-   -APN-DRRHHYCP#SCYP;1899-12-30;Dto.Nº 426/22;SEC. COMUNICACIÓN Y PRENSA de la PN.;Contratación Dto. 1109/17 ;Carlos Traverso;1899-12-30;n/d;Intervención FAVORABLE (1) de la SSP a la continuidad del trámite de excepción en los términos del inc. b) del art. 2° del Decreto N°426/22
EX-2022-80059489-   -APN-DTA#AAIP;1899-12-30;Dto.Nº 426/22;AGENCIA DE ACCESO A LA INFORMACIÓN PÚBLICA;Contrato Dto 1109/17 DIRECCIÓN DE INFORMÁTICA E INNOVACIÓN;Carlos Traverso;2022-10-06;n/d;Intervención FAVORABLE (1) de la SSP a la continuidad del trámite de excepción en los términos del inc. b) del art. 2° del Decreto N°426/22
EX-2022-66500173-APN-CRRHH#INAES;1899-12-30;Proyecto de Decisión Administrativa;INAES;Proyecto de Decisión Administrativa - Asignación de horas cátedra - Instituto Nacional de Asociativismo y Economía Social;Carlos Traverso;2022-10-06;n/d;RESTITUCIÓN de las actuaciones al organismo/ jurisdicción en razón de no observarse el encuadre del pedido de ampliación de horas en alguno de los casos de excepción contemplados por art. 6 de LP
EX-2022-95297702-   -APN-DA#INC;1899-12-30;Dto.Nº 426/22;INST. NAC. DEL CANCER;Alta MOBI;Carlos Traverso;1899-12-30;n/d;Intervención FAVORABLE en razón de tratarse de un MOBI (movilidad de agentes que ya mantienen un vínculo con la APN, por lo que no representan un alta de personal).
EX-2022-92848279-   -APN-DGA#EMCO;1899-12-30;Dto.Nº 426/22;Estado Mayor Conjunto de las FF.AA;Contratos Dto. 1421/02;Carlos Traverso;2022-10-06;n/d;Intervención FAVORABLE (1) de la SSP a la continuidad del trámite de excepción en los términos del inc. b) del art. 2° del Decreto N°426/22
EX-2022-91371805-   -APN-DGCA#BNMM;1899-12-30;Dto.Nº 426/22;BIBLIOTECA NAC. MARIANO MORENO;Contratación modalidad Locación de Obra;Carlos Traverso;2022-10-05;n/d;RESTITUCIÓN de las actuaciones al organismo/ jurisdicción en razón de no observarse la expresión de las razones que justifiquen criticidad, especificidad técnica, profesional o riesgo operativo a fin de encuadrarse en las excepción del inc. b) del art. 2° del Dto. N°426/22.
EX-2022-99122467-   -APN-DGA#APNAC;1899-12-30;Decisión Administrativa - Modificaciones  Presupuestarias;ADM.PARQUES NACIONALES;RECONVERSION CATEGORIAS DECRETO 1455/87 SEGUN CONVENIO COLECTIVO DE TRABAJO SECTORIAL DEL CUERPO DE GUARDAPARQUES NACIONALES HOMOLOGADO POR DECRETO 647/2022;Carlos Traverso;1899-12-30;n/d;Intervención FAVORABLE a la reconversión de cargos sin afectar el total de los mismos, como consecuencia de la implementación del nuevo CCT
EX-2022-76588657-   -APN-DA#INC;1899-12-30;Dto.Nº 426/22;INST. NAC. DEL CANCER;Programa Nacional de Cuidado Integral del Niño y Adolescente con Cáncer. Alta MOBI;Carlos Traverso;2022-10-06;n/d;Intervención FAVORABLE en razón de tratarse de un MOBI (movilidad de agentes que ya mantienen un vínculo con la APN, por lo que no representan un alta de personal).
EX-2022-91576133-   -APN-DGCA#BNMM;1899-12-30;Dto.Nº 426/22;BIBLIOTECA NAC. MARIANO MORENO;Contratación modalidad Locación de Obra;Carlos Traverso;1899-12-30;n/d;RESTITUCIÓN de las actuaciones al organismo/ jurisdicción en razón de no observarse la expresión de las razones que justifiquen criticidad, especificidad técnica, profesional o riesgo operativo a fin de encuadrarse en las excepción del inc. b) del art. 2° del Dto. N°426/22.
EX-2022-91575624-   -APN-DGCA#BNMM;1899-12-30;Dto.Nº 426/22;BIBLIOTECA NAC. MARIANO MORENO;Contratación modalidad Locación de Obra;Carlos Traverso;2022-10-05;n/d;RESTITUCIÓN de las actuaciones al organismo/ jurisdicción en razón de no observarse la expresión de las razones que justifiquen criticidad, especificidad técnica, profesional o riesgo operativo a fin de encuadrarse en las excepción del inc. b) del art. 2° del Dto. N°426/22.
EX-2022-76852912-   -APN-DTA#AAIP;1899-12-30;Dto.Nº 426/22;AGENCIA DE ACCESO A LA INF. PÚBLICA.;Alta en el marco del programa Movilidades y Búsquedas Internas (MOBI);Carlos Traverso;1899-12-30;n/d;Intervención FAVORABLE en razón de tratarse de un MOBI (movilidad de agentes que ya mantienen un vínculo con la APN, por lo que no representan un alta de personal).
EX-2022-93102591-INSSJP-GRRHH#INSSJP;1899-12-30;Dto.Nº 426/22;PAMI;Criticidad Dto. 426/22. Inst. Nac. De Servicios Sociales para Jubilados y Pensionados.;Carlos Traverso;1899-12-30;n/d;Intervención FAVORABLE (1) de la SSP a la continuidad del trámite de excepción en los términos del inc. b) del art. 2° del Decreto N°426/22
EX-2022-51878352-APN-GORRHH#INTI;1899-12-30;Proyecto de Decisión Administrativa;INTI;Solicitud de cargos conversion de contratos INTI;Carlos Traverso;1899-12-30;n/d;Se restituyen con indicación del dictado de la DA 880/22
EX-2022-66084990-   -APN-DGA#APNAC;1899-12-30;Dto.Nº 426/22;ADM.PARQUES NACIONALES;DESCONGELAMIENTO DE VACANTES PARA COBERTURA DE CIENTO TRES (103) CARGOS CATEGORIA GUARDAPARQUE ;Carlos Traverso;1899-12-30;n/d;Certificación de cantidad cargos vacantes según lo establecido en la Decisión Administrativa distributiva de presupuesto.
EX-2020-87378968-   -APN-DGDYL#MI;1899-12-30;Dto.Nº 426/22;MIN. INTERIOR;Contratación Dto. 1109/17.;Carlos Traverso;1899-12-30;n/d;Intervención FAVORABLE (1) de la SSP a la continuidad del trámite de excepción en los términos del inc. b) del art. 2° del Decreto N°426/22
EX-2022-83490135-   -APN-DGDA#MEC;1899-12-30;Dto.Nº 426/22;CONICET;Contrataciones;Carlos Traverso;1899-12-30;n/d;Se devuelven para incorporación de informes de disponibilidad presupuestaria mencionados en el expediente que no fueron incorporados al mismo.
EX-2022-82682671-   -APN-GRH#CONICET;1899-12-30;Dto.Nº 426/22;CONICET;Contrataciones;Carlos Traverso;1899-12-30;n/d;Se devuelven para incorporación de informes de criticidad por parte del organismo.
EX 2022-51217405-APN-DGD#MC;2022-08-12;Actualización, incorporación y asignación de cargos;Orquestas, Coros y Ballets;IF-2022-84246557-APN-ONP#MEC;Carlos Traverso;1899-12-30;n/d;RESTITUCIÓN de las actuaciones al organismo/ jurisdicción en razón de no observarse el encuadre del pedido de ampliación de horas en alguno de los casos de excepción contemplados por art. 6 de LP
EX 2022-1069287-APN-DGRH#HP ;2022-08-12;Certificación de cargos;Hospital Nac. "Profesor Alejandro Posadas";IF-2022-84249155-APN-ONP#MEC;Carlos Traverso;1899-12-30;n/d;Certificación de cantidad cargos vacantes según lo establecido en la Decisión Administrativa distributiva de presupuesto. No obstante se dejó constancia que el trámite de reincorporación de personal debería encuadrar en algunas de la excepciones contempladas por la LP
